country,regime,seed,mean_gini,mean_unemployment,mean_protest_share,mean_redistribution,std_redistribution
Russia,representative,1000,0.7924524627831602,0.0622,0.027425000000000005,33.04364690021909,13.723118220703531
Russia,representative,1001,0.722305911489132,0.032343750000000004,0.012237499999999998,14.699244236243741,10.051902840567912
Russia,representative,1002,0.8604958683872164,0.022212500000000003,0.0092875,61.09883751972795,28.972899900783442
Russia,representative,1003,0.8189792581423299,0.030275,0.01339375,47.32918348495578,14.633388653629192
Russia,representative,1004,0.7877482924838464,0.01955,0.00625,25.66244922492363,14.14227549866842
Russia,representative,1005,0.7602212475380936,0.0340125,0.01108125,21.154337614223,18.120785704740953
Russia,representative,1006,0.7351742600641892,0.016200000000000003,0.004337499999999999,36.851896244203616,12.171739984171085
Russia,representative,1007,0.7110741219242271,0.030887500000000002,0.008831250000000002,24.261485372374583,12.311414316820603
Russia,representative,1008,0.8166981771742812,0.0338125,0.014825,39.193742052287824,16.871331608608163
Russia,representative,1009,0.7460610307603487,0.02595625,0.012418750000000003,51.81753393920244,17.224912860457124
Russia,representative,1010,0.7180132370843536,0.0404875,0.01475625,32.85070756462784,8.148528658537181
Russia,representative,1011,0.8398916226817081,0.00620625,0.0031125000000000002,67.70128744087701,24.605980093317186
Russia,representative,1012,0.7615854676229606,0.05006875,0.016368749999999998,8.413531145543757,6.018201044005774
Russia,representative,1013,0.8281935677900836,0.040275,0.015068750000000002,52.37776449563864,20.154347123329696
Russia,representative,1014,0.6627285550673473,0.017,0.0057125000000000006,13.55610146014096,8.415769202416914
Russia,representative,1015,0.7420037755867211,0.02538125,0.011631250000000003,40.039679990638234,12.954081064750268
Russia,representative,1016,0.8132614605967765,0.032481249999999996,0.012350000000000002,58.92846957993943,30.93707878427732
Russia,representative,1017,0.7836259624743296,0.03971875,0.013218750000000001,14.714671266165615,6.898773642872152
Russia,representative,1018,0.7749367595255541,0.0214375,0.00629375,25.640630945081092,20.486795757919094
Russia,representative,1019,0.7021245873297834,0.0208875,0.006443749999999999,25.290541238517903,5.44118266540081
Russia,representative,1020,0.7849775516247591,0.01814375,0.005806250000000001,53.04724185540714,15.313707727108113
Russia,representative,1021,0.8316619482506417,0.023762500000000002,0.0073875,42.83332197490086,14.24221119614198
Russia,representative,1022,0.805595260547056,0.01675625,0.005631250000000001,50.592322035391405,21.941947039329843
Russia,representative,1023,0.7731713920813175,0.03563125,0.014875000000000003,19.89104805769666,7.598416845300633
Russia,representative,1024,0.7829238346688718,0.0166875,0.005931250000000002,57.696611948047,31.243828689343896
Russia,captured,11000,0.7064822573328695,0.028687500000000005,0.0034875,5.617859137147368,4.974819056964167
Russia,captured,11001,0.7456906748674713,0.05635625000000001,0.00865,10.91228425217243,9.045915751603031
Russia,captured,11002,0.732510791001666,0.02511875,0.004525,21.097455435722676,4.473610899626845
Russia,captured,11003,0.6938931352835798,0.07205624999999999,0.010862499999999999,41.84314760504257,10.867071660830803
Russia,captured,11004,0.7695832508316252,0.026600000000000002,0.0034312500000000003,35.057836428807676,6.178467388232202
Russia,captured,11005,0.818264167994991,0.019000000000000003,0.0026374999999999997,24.607860910807,15.816957528640994
Russia,captured,11006,0.7989275055457264,0.014062500000000002,0.002325,33.43134589330784,8.026861292196523
Russia,captured,11007,0.7247770876719316,0.031043750000000002,0.00480625,31.29196005872773,17.60484088754412
Russia,captured,11008,0.7786372352003922,0.025306250000000006,0.0032312499999999997,40.68908371477497,4.222873130240214
Russia,captured,11009,0.7662999204500082,0.01568125,0.0024937500000000003,12.94206056788937,6.9139192888871746
Russia,captured,11010,0.7724545831636584,0.025837500000000003,0.00509375,50.99002995329529,21.350427074456903
Russia,captured,11011,0.7843312046438836,0.022500000000000006,0.0033812499999999997,12.32274285603905,9.901140594454382
Russia,captured,11012,0.6709586972637627,0.02260625,0.002875,16.303095848357884,11.133023354265129
Russia,captured,11013,0.8121087039250809,0.0190125,0.0033374999999999998,27.61232015168115,19.48778306762158
Russia,captured,11014,0.7722978358945539,0.031100000000000003,0.00443125,13.997794191151772,16.157737027940506
Russia,captured,11015,0.7557251622046095,0.025493750000000003,0.0037875000000000005,25.908267398207656,6.895783190333058
Russia,captured,11016,0.8348223508985203,0.0153125,0.0021437500000000003,99.31351733479322,44.928643021479935
Russia,captured,11017,0.8218201011494263,0.042699999999999995,0.006406250000000001,34.4867547537531,8.258370365357685
Russia,captured,11018,0.8903996722588715,0.017400000000000002,0.0023625,30.97363823212385,21.240411217148093
Russia,captured,11019,0.7697334540972239,0.015793750000000002,0.00248125,42.48958309835191,12.222334337225794
Russia,captured,11020,0.8039088309529288,0.024725,0.0030562500000000004,18.558388259803223,13.406989880072619
Russia,captured,11021,0.6980947828237916,0.021262499999999997,0.0032500000000000003,11.861932062080164,9.06636428045627
Russia,captured,11022,0.7141853352223724,0.03995,0.004175,17.306561567485122,8.934493550598111
Russia,captured,11023,0.8313441839475304,0.015225000000000002,0.00194375,61.97069010331852,29.78044590315692
Russia,captured,11024,0.72283208498543,0.0290125,0.0039375,64.1400844277224,6.608930995554296
Russia,dictatorship,21000,0.7846477006213596,0.032593750000000005,4.374999999999999e-05,8.621916369593697,5.100059921270433
Russia,dictatorship,21001,0.853285592136484,0.01578125,3.75e-05,95.61060603590767,29.102308689020717
Russia,dictatorship,21002,0.7169291548834049,0.02456875,3.75e-05,10.186934402871774,5.483293742026034
Russia,dictatorship,21003,0.7491369823942603,0.028725,0.000125,27.62805101699121,9.630817820755656
Russia,dictatorship,21004,0.8422881944686668,0.02725625,8.750000000000001e-05,52.02434616133768,19.038887259760106
Russia,dictatorship,21005,0.8293154920063422,0.022756250000000002,7.5e-05,15.168519536978666,14.267252746427872
Russia,dictatorship,21006,0.7919097118301781,0.03425625,7.5e-05,8.166970735103687,4.22896144815244
Russia,dictatorship,21007,0.8309442794690074,0.02931875,8.125e-05,23.662487088653144,14.444137020201874
Russia,dictatorship,21008,0.7769509627993202,0.04208125,0.00026250000000000004,41.99089700061304,14.388806654816346
Russia,dictatorship,21009,0.7709378689625704,0.019443750000000003,4.3750000000000006e-05,16.369500926440754,8.00946693448414
Russia,dictatorship,21010,0.8463706983252288,0.022843750000000003,8.125e-05,31.125214041673406,11.483861481488551
Russia,dictatorship,21011,0.710126604330544,0.035325,2.5e-05,37.73096257013369,17.82959131583407
Russia,dictatorship,21012,0.7775879836679779,0.027200000000000002,0.0001,16.85899049344421,7.428126776699361
Russia,dictatorship,21013,0.7099860244568927,0.03428125,3.75e-05,7.2586986437193834,5.638492535417239
Russia,dictatorship,21014,0.7302323958772869,0.016862500000000002,5e-05,26.93663102761535,21.742327557037573
Russia,dictatorship,21015,0.8434916789618683,0.03016875,0.00010000000000000002,64.73187557460659,14.033337499240155
Russia,dictatorship,21016,0.8083125201772141,0.02430625,8.125e-05,21.915708814553785,11.035386580890595
Russia,dictatorship,21017,0.807823094271949,0.01909375,5e-05,88.8032765733041,26.41261129443768
Russia,dictatorship,21018,0.7293264230218331,0.02613125,3.75e-05,34.659398169748876,16.48414970597289
Russia,dictatorship,21019,0.667008632233032,0.022693750000000006,4.374999999999999e-05,49.412521823293865,12.224046307120819
Russia,dictatorship,21020,0.7611985215405445,0.049181249999999996,0.00031875,24.834455788678937,14.706760007510566
Russia,dictatorship,21021,0.8508534197982374,0.02044375,5e-05,59.82415948336356,35.52556465248581
Russia,dictatorship,21022,0.8132573075243552,0.024050000000000002,7.5e-05,18.281949891754124,15.381260439425114
Russia,dictatorship,21023,0.8863933749787646,0.019481250000000002,0.00013125,23.521109572634522,14.885397917417434
Russia,dictatorship,21024,0.8115166637734723,0.02305625,7.500000000000001e-05,34.46166931992329,7.520558445348732
