,gdp_billions,unemployment_rate_pct,lfpr_pct,avg_hourly_earnings_nominal,avg_hourly_earnings_real,job_openings_thousands,total_nonfarm_employment,civilian_labor_force_thousands,wage_p10,wage_p50,wage_p90,fed_tax_revenue_pct_gdp,wage_growth_yoy,labor_market_tightness,gini_coefficient,avg_federal_tax_rate_pct,redist_eitc,redist_snap,redist_medicaid,redist_ui,workers_affected,days_idle,civil_unrest_events,protest_intensity_score
1960-03-31,542.648,5.133333333333334,58.9,,2.1366666666666667,,54413.666666666664,68770.0,,,,144.233,,,,,,,,3.341,896.0,13260.0,30.0,0.18120489969170275
1960-06-30,541.08,5.233333333333333,59.56666666666666,,2.14,,54545.333333333336,69713.0,,,,147.417,,,,,,,,3.341,896.0,13260.0,30.0,0.17964536042110585
1960-09-30,545.604,5.533333333333334,59.56666666666666,,2.15,,54268.333333333336,69912.33333333333,,,,150.459,,,,,,,,3.341,896.0,13260.0,30.0,0.17931888214790992
1960-12-31,540.197,6.266666666666666,59.63333333333333,,2.1566666666666667,,53948.333333333336,70239.33333333333,,,,153.78,,,,,,,,3.341,896.0,13260.0,30.0,0.17878567389134492
1961-03-31,545.018,6.8,59.63333333333333,,2.16,,53633.0,70523.33333333333,,,,157.254,,,,,,,,4.748,1031.0,10140.0,10.0,0.1753382973983387
1961-06-30,555.545,7.0,59.46666666666667,,2.19,,53796.666666666664,70532.33333333333,,,,160.737,,,,,,,,4.748,1031.0,10140.0,10.0,0.17532421057264946
1961-09-30,567.664,6.766666666666667,59.199999999999996,,2.2100000000000004,,54269.666666666664,70429.0,,,,162.661,,,,,,,,4.748,1031.0,10140.0,10.0,0.17548607726084417
1961-12-31,580.612,6.2,59.0,,2.2333333333333334,,54712.0,70315.0,,,,166.344,,,,,,,,4.748,1031.0,10140.0,10.0,0.17566498148217324
1962-03-31,594.013,5.633333333333333,58.9,,2.2566666666666664,,55118.0,70337.33333333333,,,,170.892,,,,,,,,3.536,793.0,11760.0,11.0,0.1649328971798342
1962-06-30,600.366,5.533333333333334,58.800000000000004,,2.263333333333333,,55624.666666666664,70447.66666666667,,,,173.125,,,,,,,,3.536,793.0,11760.0,11.0,0.1647579178542286
1962-09-30,609.027,5.566666666666666,58.833333333333336,,2.276666666666667,,55854.0,70812.0,,,,175.597,,,,,,,,3.536,793.0,11760.0,11.0,0.1641824316835026
1962-12-31,612.28,5.533333333333334,58.53333333333333,,2.29,,56041.666666666664,70880.66666666667,,,,178.206,,,,,,,,3.536,793.0,11760.0,11.0,0.16407436459248223
1963-03-31,621.672,5.766666666666667,58.6,,2.31,,56221.666666666664,71277.0,,,,179.393,,,0.367264745164,,,,,3.382,512.0,10020.0,79.0,0.1282724883604714
1963-06-30,629.752,5.733333333333333,58.699999999999996,,2.33,,56618.333333333336,71718.33333333333,,,,180.369,,,0.367264745164,,,,,3.382,512.0,10020.0,79.0,0.1276195045736547
1963-09-30,644.444,5.5,58.63333333333333,,2.35,,56927.333333333336,71957.66666666667,,,,184.862,,,0.367264745164,,,,,3.382,512.0,10020.0,79.0,0.1272674635361997
1963-12-31,653.938,5.566666666666666,58.699999999999996,,2.3699999999999997,,57299.666666666664,72295.66666666667,,,,186.792,,,0.367264745164,,,,,3.382,512.0,10020.0,79.0,0.12677274564561808
1964-03-31,669.822,5.466666666666666,58.699999999999996,,2.38,,57712.333333333336,72584.0,,,,190.075,,,0.373752861493,,,,,3.097,1183.0,16220.0,25.0,0.20345135022799968
1964-06-30,678.674,5.2,58.96666666666667,,2.4033333333333333,,58076.666666666664,73233.66666666667,,,,192.97,,,0.373752861493,,,,,3.097,1183.0,16220.0,25.0,0.20240207501955826
1964-09-30,692.031,5.0,58.63333333333333,,2.4233333333333333,,58644.666666666664,73138.33333333333,,,,193.295,,,0.373752861493,,,,,3.097,1183.0,16220.0,25.0,0.20255537141259117
1964-12-31,697.319,4.966666666666666,58.56666666666666,,2.42,,59144.0,73353.0,,,,192.973,,,0.373752861493,,,,,3.097,1183.0,16220.0,25.0,0.20221051197182394
1965-03-31,717.79,4.8999999999999995,58.666666666666664,,2.4600000000000004,,59795.0,73791.66666666667,,,,196.198,,,0.36825404535,,,,,2.749,999.0,15140.0,25.0,0.18678474348786825
1965-06-30,730.191,4.666666666666667,58.86666666666667,,2.483333333333334,,60480.0,74368.66666666667,,,,200.088,,,0.36825404535,,,,,2.749,999.0,15140.0,25.0,0.18588354390148745
1965-09-30,749.323,4.366666666666667,58.9,,2.5,,61227.666666666664,74626.33333333333,,,,208.98,,,0.36825404535,,,,,2.749,999.0,15140.0,25.0,0.18548374310307106
1965-12-31,771.857,4.1000000000000005,58.9,,2.5233333333333334,,62012.333333333336,74909.33333333333,,,,214.261,,,0.36825404535,,,,,2.749,999.0,15140.0,25.0,0.18504649432710132
1966-03-31,795.734,3.8666666666666667,58.86666666666667,,2.5533333333333332,,62839.0,75071.66666666667,,,,221.114,,,0.370973292061,,,,0.9,2.404,1300.0,16000.0,29.0,0.20514724179102448
1966-06-30,804.981,3.8333333333333335,59.03333333333333,,2.58,,63753.333333333336,75477.33333333333,,,,227.479,,,0.370973292061,,,,0.9,2.404,1300.0,16000.0,29.0,0.20451501233137354
1966-09-30,819.638,3.766666666666667,59.23333333333333,,2.6133333333333333,,64483.666666666664,75946.0,,,,235.644,,,0.370973292061,,,,0.9,2.404,1300.0,16000.0,29.0,0.20378948415085651
1966-12-31,833.302,3.6999999999999997,59.46666666666667,,2.643333333333333,,65024.0,76483.33333333333,,,,243.763,,,0.370973292061,,,,0.9,2.404,1300.0,16000.0,29.0,0.202964019008008
1967-03-31,844.17,3.8333333333333335,59.300000000000004,,2.6633333333333336,,65455.333333333336,76496.0,,,,255.415,,,0.368747370356,,,,0.9,2.756,2192.0,31320.0,83.0,0.2750044702862657
1967-06-30,848.983,3.8333333333333335,59.43333333333334,,2.686666666666667,,65612.0,76940.0,,,,256.922,,,0.368747370356,,,,0.9,2.756,2192.0,31320.0,83.0,0.2742684019788061
1967-09-30,865.233,3.7999999999999994,59.666666666666664,,2.723333333333333,,66065.0,77662.66666666667,,,,264.199,,,0.368747370356,,,,0.9,2.756,2192.0,31320.0,83.0,0.2730803114791564
1967-12-31,881.439,3.9,59.86666666666667,,2.7533333333333334,,66609.33333333333,78292.0,,,,268.385,,,0.368747370356,,,,0.9,2.756,2192.0,31320.0,83.0,0.2720555540039817
1968-03-31,909.387,3.733333333333333,59.46666666666667,,2.823333333333333,,67104.66666666667,78021.33333333333,,,,277.111,,,0.363226683799,,,,0.9,2.754,1855.0,35367.0,85.0,0.26817786054863274
1968-06-30,934.344,3.5666666666666664,59.800000000000004,,2.8666666666666667,,67704.33333333333,78745.66666666667,,,,286.708,,,0.363226683799,,,,0.9,2.754,1855.0,35367.0,85.0,0.26699747933284235
1968-09-30,950.825,3.533333333333333,59.63333333333333,,2.9,,68313.33333333333,78879.66666666667,,,,292.215,,,0.363226683799,,,,0.9,2.754,1855.0,35367.0,85.0,0.2667804207082518
1968-12-31,968.03,3.4,59.6,,2.956666666666667,,68984.33333333333,79195.0,,,,298.982,,,0.363226683799,,,,0.9,2.754,1855.0,35367.0,85.0,0.2662712276320202
1969-03-31,993.337,3.4,59.833333333333336,,3.0,,69681.0,79873.66666666667,,,,300.566,,,0.360074340258,,,,0.9,2.869,1576.0,29397.0,34.0,0.2433264166570671
1969-06-30,1009.02,3.4333333333333336,59.96666666666667,,3.0399999999999996,,70345.33333333333,80367.33333333333,,,,307.101,,,0.360074340258,,,,0.9,2.869,1576.0,29397.0,34.0,0.24255639131376103
1969-09-30,1029.956,3.5666666666666664,60.23333333333333,,3.1,,70883.66666666667,81074.33333333333,,,,313.917,,,0.360074340258,,,,0.9,2.869,1576.0,29397.0,34.0,0.2414627637006442
1969-12-31,1038.147,3.5666666666666664,60.26666666666667,,3.14,,71149.33333333333,81505.0,,,,318.243,,,0.360074340258,,,,0.9,2.869,1576.0,29397.0,34.0,0.24080179731818377
1970-03-31,1051.2,4.166666666666667,60.46666666666667,,3.1733333333333333,,71310.66666666667,82210.0,,,,325.878,,,0.365928276595,,,11.3270795,5.1,4.765,2468.0,52761.0,25.0,0.3054043012618817
1970-06-30,1067.375,4.766666666666667,60.36666666666667,,3.216666666666667,,71167.0,82564.66666666667,,,,339.049,,,0.365928276595,,,11.3270795,5.1,4.765,2468.0,52761.0,25.0,0.30483857100419615
1970-09-30,1086.059,5.166666666666667,60.300000000000004,,3.266666666666667,,70978.0,82911.66666666667,,,,346.412,,,0.365928276595,,,11.3270795,5.1,4.765,2468.0,52761.0,25.0,0.30428759535977545
1970-12-31,1088.608,5.833333333333333,60.4,,3.28,,70574.0,83498.0,,,,354.25,,,0.365928276595,,,11.3270795,5.1,4.765,2468.0,52761.0,25.0,0.303362217341172
1971-03-31,1135.156,5.933333333333334,60.166666666666664,,3.3800000000000003,,70844.0,83676.0,,,,358.566,,,0.36912604644,,,11.3270795,5.1,6.653,2516.0,35538.0,3.0,0.2804674902346216
1971-06-30,1156.271,5.900000000000001,60.03333333333333,,3.43,,71179.0,83929.0,,,,373.206,,,0.36912604644,,,11.3270795,5.1,6.653,2516.0,35538.0,3.0,0.28008197689073017
1971-09-30,1177.675,6.033333333333334,60.13333333333333,,3.473333333333333,,71434.0,84581.33333333333,,,,377.132,,,0.36912604644,,,11.3270795,5.1,6.653,2516.0,35538.0,3.0,0.27909383411790184
1971-12-31,1190.297,5.933333333333334,60.300000000000004,,3.513333333333333,,71866.0,85318.33333333333,,,,383.306,,,0.36912604644,,,11.3270795,5.1,6.653,2516.0,35538.0,3.0,0.2779874705552184
1972-03-31,1230.609,5.766666666666667,60.300000000000004,,3.603333333333333,,72677.66666666667,86208.33333333333,,,,399.428,,,0.366573002391,,,11.3270795,5.1,6.683,975.0,16764.0,2.0,0.17229626089847971
1972-06-30,1266.369,5.7,60.4,,3.6666666666666665,,73463.0,86809.66666666667,,,,403.929,,,0.366573002391,,,11.3270795,5.1,6.683,975.0,16764.0,2.0,0.17150384632938698
1972-09-30,1290.566,5.566666666666666,60.46666666666667,,3.723333333333333,,74038.0,87350.66666666667,,,,404.908,,,0.366573002391,,,11.3270795,5.1,6.683,975.0,16764.0,2.0,0.17079646683000219
1972-12-31,1328.904,5.366666666666667,60.36666666666667,,3.8000000000000003,,74971.66666666667,87675.33333333333,,,,419.285,,,0.366573002391,,,11.3270795,5.1,6.683,975.0,16764.0,2.0,0.170374437653439
1973-03-31,1377.49,4.933333333333334,60.43333333333334,,3.8699999999999997,,75971.66666666667,88232.33333333333,,,,426.927,,,0.361088621314,,,11.3270795,5.1,5.249,1400.0,16260.0,3.0,0.19216516564516112
1973-06-30,1413.887,4.933333333333334,60.76666666666667,,3.93,,76663.33333333333,89181.0,,,,439.107,,,0.361088621314,,,11.3270795,5.1,5.249,1400.0,16260.0,3.0,0.19093861642390503
1973-09-30,1433.838,4.8,60.800000000000004,,4.003333333333334,,77119.0,89650.33333333333,,,,437.629,,,0.361088621314,,,11.3270795,5.1,5.249,1400.0,16260.0,3.0,0.19033745213057388
1973-12-31,1476.289,4.766666666666667,61.1,,4.07,,77852.66666666667,90579.0,,,,451.018,,,0.361088621314,,,11.3270795,5.1,5.249,1400.0,16260.0,3.0,0.1891587471997818
1974-03-31,1491.209,5.133333333333333,61.333333333333336,,4.126666666666666,,78216.66666666667,91379.0,,,,465.643,,,0.354752998991,,,11.3270795,5.1,7.785,1796.0,31809.0,0.0,0.23989513001671828
1974-06-30,1530.056,5.2,61.166666666666664,,4.236666666666667,,78511.66666666667,91583.66666666667,,,,477.348,,,0.354752998991,,,11.3270795,5.1,7.785,1796.0,31809.0,0.0,0.23961693724857383
1974-09-30,1560.026,5.633333333333333,61.333333333333336,,4.376666666666666,,78621.66666666667,92253.0,,,,507.012,,,0.354752998991,,,11.3270795,5.1,7.785,1796.0,31809.0,0.0,0.23871199007623142
1974-12-31,1599.679,6.6000000000000005,61.26666666666667,,4.496666666666667,,78182.33333333333,92688.0,,,,521.208,,,0.354752998991,,,11.3270795,5.1,7.785,1796.0,31809.0,0.0,0.2381278031422834
1975-03-31,1616.116,8.266666666666666,61.199999999999996,,4.583333333333333,,76953.0,93023.0,,,,550.065,,,0.356505292874,,1.25,11.3270795,13.0,18.933,965.0,17563.0,8.0,0.16523093925938476
1975-06-30,1651.853,8.866666666666667,61.333333333333336,,4.653333333333333,,76535.0,93619.33333333333,,,,571.863,,,0.356505292874,,1.25,11.3270795,13.0,18.933,965.0,17563.0,8.0,0.16450843274786192
1975-09-30,1709.82,8.466666666666667,61.26666666666667,,4.746666666666667,,77050.33333333333,94128.33333333333,,,,583.501,,,0.356505292874,,1.25,11.3270795,13.0,18.933,965.0,17563.0,8.0,0.16389605509264776
1975-12-31,1761.831,8.299999999999999,61.13333333333333,,4.83,,77747.33333333333,94308.66666666667,,,,600.049,,,0.356505292874,,1.25,11.3270795,13.0,18.933,965.0,17563.0,8.0,0.16368004102549452
1976-03-31,1820.487,7.733333333333333,61.29999999999999,,4.94,,78789.0,95049.0,,,,609.582,,,0.355619268479,,1.295,11.3270795,13.0,17.608,1519.0,23962.0,0.0,0.20834574352491708
1976-06-30,1852.332,7.566666666666666,61.53333333333333,,5.03,,79326.66666666667,95826.0,,,,606.867,,,0.355619268479,,1.295,11.3270795,13.0,17.608,1519.0,23962.0,0.0,0.2073735745143976
1976-09-30,1886.558,7.733333333333333,61.73333333333333,,5.156666666666667,,79714.33333333333,96625.66666666667,,,,619.599,,,0.355619268479,,1.295,11.3270795,13.0,17.608,1519.0,23962.0,0.0,0.20638246752096395
1976-12-31,1934.273,7.766666666666667,61.76666666666667,,5.243333333333333,,80199.66666666667,97102.0,,,,630.201,,,0.355619268479,,1.295,11.3270795,13.0,17.608,1519.0,23962.0,0.0,0.20579657600002943
1977-03-31,1988.648,7.5,61.833333333333336,,5.37,,81023.0,97702.66666666667,,,,645.408,,,0.354983721031,,1.127,11.3270795,13.0,14.5,1212.0,21258.0,7.0,0.1839249640592933
1977-06-30,2055.909,7.133333333333333,62.23333333333333,,5.493333333333333,,82101.33333333333,98696.0,,,,657.414,,,0.354983721031,,1.127,11.3270795,13.0,14.5,1212.0,21258.0,7.0,0.1827500797033483
1977-09-30,2118.473,6.8999999999999995,62.23333333333333,,5.613333333333333,,83147.0,99244.0,,,,669.001,,,0.354983721031,,1.127,11.3270795,13.0,14.5,1212.0,21258.0,7.0,0.1821078325099687
1977-12-31,2164.27,6.666666666666667,62.63333333333333,,5.72,,84127.66666666667,100294.0,,,,688.771,,,0.354983721031,,1.127,11.3270795,13.0,14.5,1212.0,21258.0,7.0,0.18088878031603015
1978-03-31,2202.76,6.333333333333333,62.76666666666667,,5.8566666666666665,,85000.66666666667,100934.0,,,,702.39,,,0.347813491665,,1.048,11.3270795,13.0,11.62,1006.0,23774.0,14.0,0.17364654932180026
1978-06-30,2331.633,6.0,63.13333333333333,,5.966666666666666,,86540.33333333333,101947.0,,,,721.911,,,0.347813491665,,1.048,11.3270795,13.0,11.62,1006.0,23774.0,14.0,0.17248695695771443
1978-09-30,2395.053,6.033333333333334,63.23333333333333,,6.1000000000000005,,87436.0,102568.33333333333,,,,749.361,,,0.347813491665,,1.048,11.3270795,13.0,11.62,1006.0,23774.0,14.0,0.17178238963670334
1978-12-31,2476.949,5.8999999999999995,63.46666666666667,,6.256666666666667,,88339.33333333333,103483.66666666667,,,,767.107,,,0.347813491665,,1.048,11.3270795,13.0,11.62,1006.0,23774.0,14.0,0.1707535328217771
1979-03-31,2526.61,5.866666666666667,63.73333333333333,,6.403333333333333,,89114.0,104382.66666666667,,,,776.403,,,0.34759404388,,2.052,11.3270795,13.0,11.784,1021.0,20409.0,7.0,0.1631085602939192
1979-06-30,2591.247,5.7,63.43333333333334,,6.503333333333333,,89771.33333333333,104327.0,,,,799.709,,,0.34759404388,,2.052,11.3270795,13.0,11.784,1021.0,20409.0,7.0,0.1631690194928015
1979-09-30,2667.565,5.866666666666667,63.666666666666664,,6.63,,90281.33333333333,105209.33333333333,,,,829.638,,,0.34759404388,,2.052,11.3270795,13.0,11.784,1021.0,20409.0,7.0,0.16221521156849922
1979-12-31,2723.883,5.966666666666666,63.76666666666667,,6.75,,90575.33333333333,105923.33333333333,,,,851.735,,,0.34759404388,,2.052,11.3270795,13.0,11.784,1021.0,20409.0,7.0,0.16145031593266318
1980-03-31,2789.842,6.3,63.9,,6.883333333333333,,90892.33333333333,106567.0,,,,892.894,,,0.347179690404,15.31,1.986,11.3270795,25.0,20.41,795.0,20844.0,0.0,0.14584130591095504
1980-06-30,2797.352,7.333333333333333,63.800000000000004,,7.03,,90456.66666666667,106766.66666666667,,,,922.797,,,0.347179690404,15.31,1.986,11.3270795,25.0,20.41,795.0,20844.0,0.0,0.14563258567011925
1980-09-30,2856.483,7.666666666666667,63.699999999999996,,7.233333333333333,,90050.66666666667,107120.66666666667,,,,956.08,,,0.347179690404,15.31,1.986,11.3270795,25.0,20.41,795.0,20844.0,0.0,0.14526368824265404
1980-12-31,2985.557,7.3999999999999995,63.699999999999996,,7.456666666666666,,90726.66666666667,107441.66666666667,,,,970.564,,,0.347179690404,15.31,1.986,11.3270795,25.0,20.41,795.0,20844.0,0.0,0.14493044823455675
1981-03-31,3124.206,7.433333333333334,63.96666666666666,,7.626666666666666,,91116.0,108273.66666666667,,,,1022.594,,,0.354882944136,15.76,1.912,11.3270795,25.0,18.942,728.9,16908.4,3.0,0.1288723086410268
1981-06-30,3162.532,7.3999999999999995,64.06666666666666,,7.806666666666666,,91356.33333333333,108847.66666666667,,,,1037.406,,,0.354882944136,15.76,1.912,11.3270795,25.0,18.942,728.9,16908.4,3.0,0.128306270063266
1981-09-30,3260.609,7.3999999999999995,63.699999999999996,,7.963333333333334,,91547.66666666667,108525.0,,,,1063.556,,,0.354882944136,15.76,1.912,11.3270795,25.0,18.942,728.9,16908.4,3.0,0.12862400810887029
1981-12-31,3280.818,8.233333333333334,63.76666666666667,,8.076666666666666,,91148.66666666667,109057.33333333333,,,,1102.243,,,0.354882944136,15.76,1.912,11.3270795,25.0,18.942,728.9,16908.4,3.0,0.1281004265755951
1982-03-31,3274.302,8.833333333333334,63.76666666666667,,8.236666666666666,,90520.66666666667,109374.33333333333,,,,1122.585,,,0.36661035425,14.72,1.775,11.3270795,25.0,27.647,655.8,9061.2,1.0,0.0966524726131241
1982-06-30,3331.972,9.433333333333334,64.0,,8.326666666666666,,90040.66666666667,110117.33333333333,,,,1150.143,,,0.36661035425,14.72,1.775,11.3270795,25.0,27.647,655.8,9061.2,1.0,0.09600937347423276
1982-09-30,3366.322,9.9,64.06666666666666,,8.426666666666668,,89355.66666666667,110525.66666666667,,,,1185.946,,,0.36661035425,14.72,1.775,11.3270795,25.0,27.647,655.8,9061.2,1.0,0.09565830271721727
1982-12-31,3402.561,10.666666666666666,64.13333333333333,,8.463333333333333,,88821.33333333333,110959.0,,,,1222.288,,,0.36661035425,14.72,1.775,11.3270795,25.0,27.647,655.8,9061.2,1.0,0.09528754947237973
1983-03-31,3473.413,10.366666666666667,63.800000000000004,,8.566666666666666,,88999.0,110638.66666666667,,,,1245.639,,,0.372927335947,13.79,1.795,11.3270795,25.0,28.845,909.4,17460.7,5.0,0.14189255554605054
1983-06-30,3578.848,10.133333333333333,63.93333333333334,,8.636666666666667,,89676.33333333333,111167.66666666667,,,,1255.643,,,0.372927335947,13.79,1.795,11.3270795,25.0,28.845,909.4,17460.7,5.0,0.14137393920800828
1983-09-30,3689.179,9.366666666666667,64.23333333333333,,8.726666666666667,,90604.33333333333,112095.0,,,,1289.036,,,0.372927335947,13.79,1.795,11.3270795,25.0,28.845,909.4,17460.7,5.0,0.14047201106215115
1983-12-31,3794.706,8.533333333333333,64.06666666666666,,8.836666666666666,,91875.0,112160.33333333333,,,,1299.51,,,0.372927335947,13.79,1.795,11.3270795,25.0,28.845,909.4,17460.7,5.0,0.14040881019107426
1984-03-31,3908.054,7.866666666666667,64.03333333333333,,8.93,,93086.33333333333,112512.33333333333,1329.0,5005.0,24275.0,1320.756,,,0.37345325937,13.68,1.638,11.3270795,25.0,18.384,376.0,8498.8,5.0,0.05958066659926436
1984-06-30,4009.601,7.433333333333334,64.46666666666665,,9.0,,94123.0,113521.33333333333,1329.0,5005.0,24275.0,1349.946,,,0.37345325937,13.68,1.638,11.3270795,25.0,18.384,376.0,8498.8,5.0,0.05880325295315838
1984-09-30,4084.25,7.433333333333334,64.46666666666667,,9.086666666666666,,95055.0,113837.0,1329.0,5005.0,24275.0,1380.135,,,0.37345325937,13.68,1.638,11.3270795,25.0,18.384,376.0,8498.8,5.0,0.0585619499308672
1984-12-31,4148.551,7.3,64.5,,9.186666666666667,,95906.0,114256.66666666667,1329.0,5005.0,24275.0,1423.836,,,0.37345325937,13.68,1.638,11.3270795,25.0,18.384,376.0,8498.8,5.0,0.05824254169786816
1985-03-31,4230.168,7.233333333333333,64.76666666666667,,9.293333333333333,,96572.33333333333,114976.33333333333,1451.0,5497.0,25905.0,1450.988,,,0.37641511806,13.73,2.088,11.3270795,41.0,18.53,323.9,7079.1,0.0,0.04415234133743488
1985-06-30,4294.887,7.3,64.76666666666667,,9.37,,97269.66666666667,115176.66666666667,1451.0,5497.0,25905.0,1483.531,,,0.37641511806,13.73,2.088,11.3270795,41.0,18.53,323.9,7079.1,0.0,0.04401070165552045
1985-09-30,4386.773,7.2,64.73333333333333,,9.43,,97844.33333333333,115505.33333333333,1451.0,5497.0,25905.0,1514.893,,,0.37641511806,13.73,2.088,11.3270795,41.0,18.53,323.9,7079.1,0.0,0.043779062948696504
1985-12-31,4444.094,7.033333333333334,64.96666666666667,,9.5,,98428.33333333333,116211.33333333333,1451.0,5497.0,25905.0,1537.959,,,0.37641511806,13.73,2.088,11.3270795,41.0,18.53,323.9,7079.1,0.0,0.043284550388125835
1986-03-31,4507.894,7.033333333333334,65.0,,9.556666666666667,,98837.66666666667,116928.0,1324.0,5308.0,26410.0,1557.805,,,0.375571302145,14.54,2.009,11.3270795,41.0,19.279,533.1,11860.5,0.0,0.08750645214120106
1986-06-30,4545.34,7.166666666666667,65.23333333333333,,9.576666666666666,,99174.66666666667,117642.66666666667,1324.0,5308.0,26410.0,1583.014,,,0.375571302145,14.54,2.009,11.3270795,41.0,19.279,533.1,11860.5,0.0,0.08692170147899511
1986-09-30,4607.669,6.966666666666666,65.36666666666667,,9.603333333333333,,99665.0,118224.66666666667,1324.0,5308.0,26410.0,1625.336,,,0.375571302145,14.54,2.009,11.3270795,41.0,19.279,533.1,11860.5,0.0,0.08644889001055346
1986-12-31,4657.627,6.833333333333333,65.36666666666667,,9.64,,100312.66666666667,118587.0,1324.0,5308.0,26410.0,1625.422,,,0.375571302145,14.54,2.009,11.3270795,41.0,19.279,533.1,11860.5,0.0,0.08615605493041538
1987-03-31,4722.156,6.599999999999999,65.46666666666667,,9.69,,100920.33333333333,119079.0,1304.0,6042.0,27480.0,1646.039,,,0.371971021924,13.12,3.391,11.3270795,41.0,17.379,174.4,4481.4,0.0,0.0007960736839700445
1987-06-30,4806.16,6.266666666666667,65.53333333333335,,9.726666666666667,,101709.0,119662.66666666667,1304.0,6042.0,27480.0,1671.574,,,0.371971021924,13.12,3.391,11.3270795,41.0,17.379,174.4,4481.4,0.0,0.00048731275883791503
1987-09-30,4884.555,6.0,65.60000000000001,,9.796666666666667,,102438.0,120077.0,1304.0,6042.0,27480.0,1686.72,,,0.371971021924,13.12,3.391,11.3270795,41.0,17.379,174.4,4481.4,0.0,0.00026950279211482487
1987-12-31,5007.994,5.833333333333333,65.7,,9.866666666666667,,103390.33333333333,120592.66666666667,1304.0,6042.0,27480.0,1720.341,,,0.371971021924,13.12,3.391,11.3270795,41.0,17.379,174.4,4481.4,0.0,0.0
1988-03-31,5073.372,5.7,65.8,,9.923333333333334,,104152.0,121012.66666666667,1520.0,6853.0,29013.0,1734.527,,,0.377059976561,13.21,5.896,11.3270795,41.0,16.121,2500.0,2879500.0,0.0,0.5281982037141282
1988-06-30,5190.036,5.466666666666666,65.76666666666667,,10.016666666666666,,105006.66666666667,121265.0,1520.0,6853.0,29013.0,1750.068,,,0.377059976561,13.21,5.896,11.3270795,41.0,16.121,2500.0,2879500.0,0.0,0.5279086178285664
1988-09-30,5282.835,5.466666666666666,65.96666666666667,,10.08,,105745.66666666667,121916.66666666667,1520.0,6853.0,29013.0,1762.317,,,0.377059976561,13.21,5.896,11.3270795,41.0,16.121,2500.0,2879500.0,0.0,0.527163590942469
1988-12-31,5399.509,5.333333333333333,66.10000000000001,,10.183333333333332,,106597.0,122488.33333333333,1520.0,6853.0,29013.0,1810.921,,,0.377059976561,13.21,5.896,11.3270795,41.0,16.121,2500.0,2879500.0,0.0,0.526513377452743
1989-03-31,5511.253,5.2,66.36666666666666,,10.26,,107403.0,123250.66666666667,1833.0,7330.0,31323.0,1844.66,,,0.382388623988,13.12,6.595,11.669780000000001,41.0,17.223,2500.0,2879500.0,0.0,0.5256511219811985
1989-06-30,5612.463,5.233333333333333,66.39999999999999,,10.303333333333333,,107910.33333333333,123678.0,1833.0,7330.0,31323.0,1882.377,,,0.382388623988,13.12,6.595,11.669780000000001,41.0,17.223,2500.0,2879500.0,0.0,0.5251701640378331
1989-09-30,5695.365,5.233333333333333,66.46666666666667,,10.386666666666667,,108186.0,124025.66666666667,1833.0,7330.0,31323.0,1914.589,,,0.382388623988,13.12,6.595,11.669780000000001,41.0,17.223,2500.0,2879500.0,0.0,0.5247801248519193
1989-12-31,5747.237,5.366666666666667,66.53333333333333,,10.453333333333333,,108688.0,124448.33333333333,1833.0,7330.0,31323.0,1946.345,,,0.382388623988,13.12,6.595,11.669780000000001,41.0,17.223,2500.0,2879500.0,0.0,0.5243074516816009
1990-03-31,5872.701,5.3,66.73333333333333,,10.62,,109424.0,125781.33333333333,1754.0,7356.0,32262.0,1998.201,,,0.382633520839,12.95,7.512,14.142790000000002,72.0,21.26,2500.0,2879500.0,3.0,0.5228274510285059
1990-06-30,5960.028,5.333333333333333,66.53333333333333,,10.733333333333334,,109784.0,125705.0,1754.0,7356.0,32262.0,2033.14,,,0.382633520839,12.95,7.512,14.142790000000002,72.0,21.26,2500.0,2879500.0,3.0,0.5229117672234366
1990-09-30,6015.116,5.7,66.46666666666667,,10.823333333333332,,109648.0,125871.33333333333,1754.0,7356.0,32262.0,2059.882,,,0.382633520839,12.95,7.512,14.142790000000002,72.0,21.26,2500.0,2879500.0,3.0,0.5227281062983178
1990-12-31,6004.733,6.133333333333333,66.4,,10.913333333333334,,109255.66666666667,126069.0,1754.0,7356.0,32262.0,2130.473,,,0.382633520839,12.95,7.512,14.142790000000002,72.0,21.26,2500.0,2879500.0,3.0,0.5225101712683968
1991-03-31,6035.178,6.6000000000000005,66.23333333333333,,10.979999999999999,,108787.0,126071.0,1764.0,7788.0,34000.0,2069.787,,,0.380457742647,12.75,11.105,17.31577,72.0,30.304,2500.0,2879500.0,4.0,0.5225079679833217
1991-06-30,6126.862,6.833333333333333,66.26666666666667,,11.090000000000002,,108311.0,126351.66666666667,1764.0,7788.0,34000.0,2147.775,,,0.380457742647,12.75,11.105,17.31577,72.0,30.304,2500.0,2879500.0,4.0,0.5221991285794222
1991-09-30,6205.937,6.866666666666667,66.10000000000001,,11.186666666666667,,108308.33333333333,126318.0,1764.0,7788.0,34000.0,2209.802,,,0.380457742647,12.75,11.105,17.31577,72.0,30.304,2500.0,2879500.0,4.0,0.5222361374819319
1991-12-31,6264.54,7.1000000000000005,66.06666666666666,,11.26,,108330.33333333333,126669.0,1764.0,7788.0,34000.0,2239.204,,,0.380457742647,12.75,11.105,17.31577,72.0,30.304,2500.0,2879500.0,4.0,0.5218507882838244
1992-03-31,6363.102,7.366666666666667,66.3,,11.286666666666667,,108348.0,127357.33333333333,1701.0,6974.0,32734.0,2294.835,,,0.383738126821,12.94,13.028,20.90568,72.0,43.067,2500.0,2879500.0,5.0,0.5210982635145036
1992-06-30,6470.763,7.6000000000000005,66.60000000000001,,11.386666666666665,,108622.66666666667,128139.66666666667,1701.0,6974.0,32734.0,2326.569,,,0.383738126821,12.94,13.028,20.90568,72.0,43.067,2500.0,2879500.0,5.0,0.5202480215361666
1992-09-30,6566.641,7.633333333333333,66.60000000000001,,11.446666666666667,,108886.66666666667,128559.0,1701.0,6974.0,32734.0,2355.714,,,0.383738126821,12.94,13.028,20.90568,72.0,43.067,2500.0,2879500.0,5.0,0.5197944784159358
1992-12-31,6680.803,7.366666666666667,66.26666666666667,,11.49,,109308.0,128340.33333333333,1701.0,6974.0,32734.0,2379.825,,,0.383738126821,12.94,13.028,20.90568,72.0,43.067,2500.0,2879500.0,5.0,0.5200307945256094
1993-03-31,6729.459,7.133333333333333,66.2,,11.566666666666668,,109947.0,128485.33333333333,1823.0,7169.0,34615.0,2383.921,,,0.403654889169,13.32,15.537,22.00603,72.0,38.254,181900.0,3597800.0,0.0,0.8378242774163969
1993-06-30,6808.939,7.066666666666666,66.33333333333333,,11.653333333333334,,110537.66666666667,129086.33333333333,1823.0,7169.0,34615.0,2398.115,,,0.403654889169,13.32,15.537,22.00603,72.0,38.254,181900.0,3597800.0,0.0,0.8371601740777146
1993-09-30,6882.098,6.8,66.33333333333333,,11.723333333333334,,111234.0,129428.0,1823.0,7169.0,34615.0,2423.514,,,0.403654889169,13.32,15.537,22.00603,72.0,38.254,181900.0,3597800.0,0.0,0.8367840132334632
1993-12-31,7013.738,6.633333333333333,66.33333333333333,,11.833333333333334,,112015.33333333333,129741.66666666667,1823.0,7169.0,34615.0,2445.454,,,0.403654889169,13.32,15.537,22.00603,72.0,38.254,181900.0,3597800.0,0.0,0.8364395542003719
1994-03-31,7115.652,6.566666666666666,66.56666666666666,,11.94,,112876.0,130555.0,2023.0,7778.0,35282.0,2429.86,,,0.399877944501,13.5,21.105,22.74858,72.0,27.36,324500.0,7948100.0,0.0,0.9331757184528015
1994-06-30,7246.931,6.2,66.5,,11.979999999999999,,113916.66666666667,130653.66666666667,2023.0,7778.0,35282.0,2460.32,,,0.399877944501,13.5,21.105,22.74858,72.0,27.36,324500.0,7948100.0,0.0,0.9330680994087721
1994-09-30,7331.075,6.0,66.53333333333333,,12.06,,114918.66666666667,131116.0,2023.0,7778.0,35282.0,2508.239,,,0.399877944501,13.5,21.105,22.74858,72.0,27.36,324500.0,7948100.0,0.0,0.9325648981834609
1994-12-31,7455.288,5.633333333333333,66.7,,12.143333333333333,,115832.66666666667,131862.0,2023.0,7778.0,35282.0,2544.703,,,0.399877944501,13.5,21.105,22.74858,72.0,27.36,324500.0,7948100.0,0.0,0.9317566885483541
1995-03-31,7522.289,5.466666666666666,66.76666666666667,,12.226666666666667,,116702.33333333333,132087.0,1864.0,8154.0,37267.0,2582.422,,,0.398559855054,13.86,25.956,22.76407,159.0,25.432,190300.0,3476900.0,0.0,0.8346777153915815
1995-06-30,7580.997,5.666666666666667,66.63333333333334,,12.276666666666666,,117134.33333333333,132130.0,1864.0,8154.0,37267.0,2610.521,,,0.398559855054,13.86,25.956,22.76407,159.0,25.432,190300.0,3476900.0,0.0,0.8346313999389892
1995-09-30,7683.125,5.666666666666667,66.6,,12.4,,117633.66666666667,132430.0,1864.0,8154.0,37267.0,2598.783,,,0.398559855054,13.86,25.956,22.76407,159.0,25.432,190300.0,3476900.0,0.0,0.8343086885418599
1995-12-31,7772.586,5.566666666666666,66.5,,12.456666666666665,,118172.0,132613.66666666666,1864.0,8154.0,37267.0,2615.396,,,0.398559855054,13.86,25.956,22.76407,159.0,25.432,190300.0,3476900.0,0.0,0.8341114787916296
1996-03-31,7868.468,5.533333333333334,66.53333333333333,,12.553333333333333,,118682.33333333333,132916.0,1989.0,8084.0,38665.0,2669.979,,,0.40310902237,14.34,28.825,22.44011,159.0,26.014,272700.0,5246100.0,5.0,0.8886654746395062
1996-06-30,8032.84,5.5,66.7,,12.716666666666667,,119475.0,133591.0,1989.0,8084.0,38665.0,2695.197,,,0.40310902237,14.34,28.825,22.44011,159.0,26.014,272700.0,5246100.0,5.0,0.8879441897255346
1996-09-30,8131.408,5.266666666666667,66.83333333333333,,12.823333333333332,,120205.66666666667,134284.33333333334,1989.0,8084.0,38665.0,2701.8,,,0.40310902237,14.34,28.825,22.44011,159.0,26.014,272700.0,5246100.0,5.0,0.8872071040355146
1996-12-31,8259.771,5.333333333333333,67.0,,12.886666666666665,,120918.33333333333,135013.66666666666,1989.0,8084.0,38665.0,2720.879,,,0.40310902237,14.34,28.825,22.44011,159.0,26.014,272700.0,5246100.0,5.0,0.8864358482876162
1997-03-31,8362.655,5.233333333333333,67.0,,13.006666666666666,,121673.33333333333,135582.33333333334,2318.0,8896.0,40592.0,2740.531,,,0.405306859104,14.48,30.389,19.54886,159.0,23.703,338600.0,3527900.0,0.0,0.8730549618397685
1997-06-30,8518.825,5.0,67.1,,13.06,,122555.0,136115.33333333334,2318.0,8896.0,40592.0,2741.552,,,0.405306859104,14.48,30.389,19.54886,159.0,23.703,338600.0,3527900.0,0.0,0.8724966026025297
1997-09-30,8662.823,4.866666666666667,67.16666666666667,,13.146666666666667,,123258.66666666667,136590.0,2318.0,8896.0,40592.0,2784.966,,,0.405306859104,14.48,30.389,19.54886,159.0,23.703,338600.0,3527900.0,0.0,0.8720011931851779
1997-12-31,8765.907,4.666666666666667,67.16666666666667,,13.323333333333332,,124232.66666666667,136916.33333333334,2318.0,8896.0,40592.0,2822.362,,,0.405306859104,14.48,30.389,19.54886,159.0,23.703,338600.0,3527900.0,0.0,0.8716615988143778
1998-03-31,8866.48,4.633333333333333,67.1,,13.386666666666665,,124996.0,137147.66666666666,2478.0,9158.0,42376.0,2809.434,,,0.399541550332,14.42,31.592,16.890490000000003,159.0,23.395,386800.0,6692100.0,2.0,0.9264320589121653
1998-06-30,8969.699,4.3999999999999995,67.0,,13.423333333333332,,125788.66666666667,137325.66666666666,2478.0,9158.0,42376.0,2837.501,,,0.399541550332,14.42,31.592,16.890490000000003,159.0,23.395,386800.0,6692100.0,2.0,0.9262473209454237
1998-09-30,9121.097,4.533333333333333,67.06666666666666,,13.44,,126500.66666666667,137814.66666666666,2478.0,9158.0,42376.0,2866.201,,,0.399541550332,14.42,31.592,16.890490000000003,159.0,23.395,386800.0,6692100.0,2.0,0.9257410416802467
1998-12-31,9293.991,4.433333333333334,67.16666666666667,,13.543333333333331,,127255.33333333333,138431.33333333334,2478.0,9158.0,42376.0,2909.222,,,0.399541550332,14.42,31.592,16.890490000000003,159.0,23.395,386800.0,6692100.0,2.0,0.9251051423869336
1999-03-31,9411.682,4.3,67.13333333333334,,13.636666666666665,,128016.66666666667,138900.0,2431.0,9427.0,44725.0,2931.044,,,0.399862984217,14.85,31.903,15.7694,159.0,24.357,72600.0,961000.0,1.0,0.667896856764902
1999-06-30,9526.21,4.266666666666667,67.1,,13.799999999999999,,128830.66666666667,139131.66666666666,2431.0,9427.0,44725.0,2959.52,,,0.399862984217,14.85,31.903,15.7694,159.0,24.357,72600.0,961000.0,1.0,0.6676610051089104
1999-09-30,9686.626,4.233333333333333,67.03333333333333,,13.946666666666667,,129588.33333333333,139497.0,2431.0,9427.0,44725.0,3004.028,,,0.399862984217,14.85,31.903,15.7694,159.0,24.357,72600.0,961000.0,1.0,0.6672898748410249
1999-12-31,9900.169,4.066666666666666,67.06666666666666,,14.020000000000001,,130475.66666666667,139991.0,2431.0,9427.0,44725.0,3086.823,,,0.399862984217,14.85,31.903,15.7694,159.0,24.357,72600.0,961000.0,1.0,0.666789590511564
2000-03-31,10002.179,4.033333333333333,67.3,,14.143333333333333,,131245.0,142385.66666666666,2524.0,10161.0,45767.0,3074.397,,,0.401414101002,15.26,32.296,14.983319999999999,206.0,23.913,393700.0,19911500.0,0.0,1.0
2000-06-30,10247.72,3.9333333333333336,67.16666666666667,,14.25,,132017.33333333334,142576.66666666666,2524.0,10161.0,45767.0,3129.768,,,0.401414101002,15.26,32.296,14.983319999999999,206.0,23.913,393700.0,19911500.0,0.0,0.9998089513091649
2000-09-30,10318.165,4.0,66.9,,14.363333333333335,,132266.33333333334,142436.66666666666,2524.0,10161.0,45767.0,3152.254,,,0.401414101002,15.26,32.296,14.983319999999999,206.0,23.913,393700.0,19911500.0,0.0,0.9999489619185402
2000-12-31,10435.744,3.9,66.89999999999999,,14.5,3.7,132541.33333333334,142944.0,2524.0,10161.0,45767.0,3210.083,,0.0007157902556570645,0.401414101002,15.26,32.296,14.983319999999999,206.0,23.913,393700.0,19911500.0,0.0,0.999442243049776
2001-03-31,10470.231,4.233333333333333,67.16666666666667,,14.540000000000001,3.6666666666666665,132747.33333333334,143808.33333333334,2885.0,11495.0,48742.0,3280.819,,0.000652473922100229,0.405971146095,14.47,33.376,15.54739,229.0,35.665,99100.0,1143200.0,0.0,0.6973541904851028
2001-06-30,10599.0,4.3999999999999995,66.76666666666667,,14.686666666666667,3.266666666666667,132388.66666666666,143414.66666666666,2885.0,11495.0,48742.0,3358.217,,0.0005607913888078859,0.405971146095,14.47,33.376,15.54739,229.0,35.665,99100.0,1143200.0,0.0,0.6977425646541155
2001-09-30,10598.02,4.833333333333333,66.7,,14.853333333333333,3.1,131985.33333333334,143642.33333333334,2885.0,11495.0,48742.0,3377.367,,0.00048594741108468683,0.405971146095,14.47,33.376,15.54739,229.0,35.665,99100.0,1143200.0,0.0,0.6975178281467369
2001-12-31,10660.465,5.5,66.7,,14.956666666666669,2.733333333333333,131193.0,144210.33333333334,2885.0,11495.0,48742.0,3436.53,,0.0003788080895853414,0.405971146095,14.47,33.376,15.54739,229.0,35.665,99100.0,1143200.0,0.0,0.6969586975808402
2002-03-31,10783.5,5.7,66.63333333333333,,15.103333333333333,2.6666666666666665,130772.66666666667,144339.0,2949.0,11986.0,50557.0,3508.647,,0.00035774773829643923,0.403544521231,13.28,38.199,18.2562,258.0,57.442,45900.0,646400.0,2.0,0.6020490180874947
2002-06-30,10887.46,5.833333333333333,66.66666666666667,,15.226666666666667,2.566666666666667,130640.66666666667,144823.66666666666,2949.0,11986.0,50557.0,3554.587,,0.00033680171054444513,0.403544521231,13.28,38.199,18.2562,258.0,57.442,45900.0,646400.0,2.0,0.6015765454404987
2002-09-30,10984.04,5.733333333333333,66.60000000000001,,15.336666666666666,2.533333333333333,130555.66666666667,145121.33333333334,2949.0,11986.0,50557.0,3598.998,,0.00033844602566691527,0.403544521231,13.28,38.199,18.2562,258.0,57.442,45900.0,646400.0,2.0,0.6012871600623414
2002-12-31,11061.433,5.866666666666667,66.43333333333334,,15.496666666666668,2.533333333333333,130566.0,145140.33333333334,2949.0,11986.0,50557.0,3681.871,,0.00033072789379944375,0.403544521231,13.28,38.199,18.2562,258.0,57.442,45900.0,646400.0,2.0,0.6012687090452999
2003-03-31,11174.129,5.866666666666667,66.36666666666667,,15.616666666666667,2.433333333333333,130416.33333333333,146019.66666666666,2997.0,12620.0,52022.0,3744.177,,0.00031803740886703394,0.40771839513,12.11,38.657,21.40428,276.0,56.939,129200.0,6421100.0,1.0,0.8364386231355325
2003-06-30,11312.766,6.133333333333333,66.43333333333334,,15.68,2.433333333333333,130185.33333333333,146676.66666666666,2997.0,12620.0,52022.0,3808.76,,0.00030474948312261184,0.40771839513,12.11,38.657,21.40428,276.0,56.939,129200.0,6421100.0,1.0,0.8357995197141944
2003-09-30,11566.669,6.133333333333333,66.13333333333333,,15.79,2.3000000000000003,130196.33333333333,146486.66666666666,2997.0,12620.0,52022.0,3839.406,,0.0002880265445263436,0.40771839513,12.11,38.657,21.40428,276.0,56.939,129200.0,6421100.0,1.0,0.8359840489682637
2003-12-31,11772.234,5.833333333333333,66.03333333333333,,15.883333333333333,2.5,130502.66666666667,146815.0,2997.0,12620.0,52022.0,3869.703,,0.00032840051434818336,0.40771839513,12.11,38.657,21.40428,276.0,56.939,129200.0,6421100.0,1.0,0.8356653200171417
2004-03-31,11923.447,5.7,66.03333333333333,,15.979999999999999,2.6,130905.66666666667,146831.66666666666,3459.0,14647.0,55014.0,3947.702,,0.00034844966034869356,0.405478000046,12.31,40.024,24.61889,296.0,41.352,174700.0,1572400.0,5.0,0.7572825696728201
2004-06-30,12112.815,5.599999999999999,66.0,,16.08,2.6,131634.33333333334,147125.0,3459.0,14647.0,55014.0,3982.852,,0.0003527086760184509,0.405478000046,12.31,40.024,24.61889,296.0,41.352,174700.0,1572400.0,5.0,0.7569993147030781
2004-09-30,12305.307,5.433333333333334,65.96666666666665,,16.206666666666667,2.733333333333333,131960.66666666666,147557.0,3459.0,14647.0,55014.0,4050.203,,0.0003812253282512794,0.405478000046,12.31,40.024,24.61889,296.0,41.352,174700.0,1572400.0,5.0,0.7565831887654256
2004-12-31,12527.214,5.433333333333334,65.93333333333334,,16.30666666666667,2.8333333333333335,132520.66666666666,148004.66666666666,3459.0,14647.0,55014.0,4093.92,,0.00039350269339476874,0.405478000046,12.31,40.024,24.61889,296.0,41.352,174700.0,1572400.0,5.0,0.7561532611787299
2005-03-31,12767.286,5.3,65.86666666666667,,16.42,2.8666666666666667,132989.66666666666,148261.33333333334,3699.0,15560.0,57077.0,4201.029,,0.00040670866895271623,0.412622715359,12.65,42.41,28.567880000000002,316.0,35.313,98800.0,2190000.0,3.0,0.7387662928913643
2005-06-30,12922.656,5.1000000000000005,66.1,,16.51,2.9,133719.0,149141.66666666666,3699.0,15560.0,57077.0,4240.85,,0.00042524057985805465,0.412622715359,12.65,42.41,28.567880000000002,316.0,35.313,98800.0,2190000.0,3.0,0.737925366310903
2005-09-30,13142.642,4.966666666666667,66.13333333333333,,16.599999999999998,3.0666666666666664,134451.33333333334,149721.66666666666,3699.0,15560.0,57077.0,4375.914,,0.00045923654985164156,0.412622715359,12.65,42.41,28.567880000000002,316.0,35.313,98800.0,2190000.0,3.0,0.7373740475495976
2005-12-31,13324.204,4.966666666666667,66.03333333333333,,16.683333333333334,3.0666666666666664,134932.33333333334,150032.0,3699.0,15560.0,57077.0,4393.619,,0.00045759948648052984,0.412622715359,12.65,42.41,28.567880000000002,316.0,35.313,98800.0,2190000.0,3.0,0.7370799401286218
2006-03-31,13599.16,4.733333333333333,66.10000000000001,20.04,16.7,3.1999999999999997,135732.66666666666,150556.0,4067.0,16579.0,60343.0,4456.559,,0.0004980793162256463,0.416957896359,12.8,44.388,30.18735,315.0,34.172,69300.0,1790600.0,1.0,0.6970895100549257
2006-06-30,13753.424,4.633333333333333,66.13333333333333,20.173333333333332,16.763333333333332,3.3000000000000003,136265.33333333334,151101.33333333334,4067.0,16579.0,60343.0,4508.744,,0.0005226789517221339,0.416957896359,12.8,44.388,30.18735,315.0,34.172,69300.0,1790600.0,1.0,0.6965764856512182
2006-09-30,13870.188,4.633333333333334,66.13333333333333,20.336666666666666,16.816666666666666,3.233333333333333,136682.33333333334,151585.0,4067.0,16579.0,60343.0,4557.261,,0.0005105573702175884,0.416957896359,12.8,44.388,30.18735,315.0,34.172,69300.0,1790600.0,1.0,0.6961230288957589
2006-12-31,14039.56,4.433333333333334,66.3,20.496666666666666,16.94666666666667,3.266666666666667,137050.66666666666,152393.0,4067.0,16579.0,60343.0,4555.974,,0.0005376421167328564,0.416957896359,12.8,44.388,30.18735,315.0,34.172,69300.0,1790600.0,1.0,0.6953687302692602
2007-03-31,14215.651,4.5,66.3,20.66333333333333,17.053333333333335,3.3666666666666667,137605.33333333334,153059.33333333334,4538.0,17273.0,61019.0,4747.079,3.1104457751164327,0.000543691243664113,0.410909331078,12.9,48.54,30.37327,332.0,36.479,189200.0,1458300.0,3.0,0.7517456430637653
2007-06-30,14402.082,4.5,65.96666666666667,20.86,17.243333333333332,3.3333333333333335,137969.66666666666,152715.33333333334,4538.0,17273.0,61019.0,4792.841,3.4038334434897566,0.0005368866640305532,0.410909331078,12.9,48.54,30.37327,332.0,36.479,189200.0,1458300.0,3.0,0.7520648277060029
2007-09-30,14564.117,4.666666666666667,65.93333333333334,20.993333333333336,17.33666666666667,3.233333333333333,138052.0,153072.33333333334,4538.0,17273.0,61019.0,4859.514,3.2289788559252797,0.0005018812786900173,0.410909331078,12.9,48.54,30.37327,332.0,36.479,189200.0,1458300.0,3.0,0.7517335949969561
2007-12-31,14715.058,4.8,65.93333333333334,21.113333333333333,17.41,3.233333333333333,138286.66666666666,153645.33333333334,4538.0,17273.0,61019.0,4934.382,3.0086192876890516,0.00048711211814427355,0.410909331078,12.9,48.54,30.37327,332.0,36.479,189200.0,1458300.0,3.0,0.751203572436692
2008-03-31,14706.538,5.0,66.10000000000001,21.273333333333333,17.563333333333333,3.0666666666666664,138326.33333333334,153874.66666666666,4351.0,17115.0,62311.0,4991.989,2.952089046620432,0.0004433959308784299,0.410944532738,12.54,50.669,34.6084,352.0,55.422,72200.0,1649600.0,3.0,0.6911121349011485
2008-06-30,14865.701,5.333333333333333,66.03333333333333,21.456666666666667,17.686666666666667,2.8333333333333335,137863.66666666666,154128.33333333334,4351.0,17115.0,62311.0,5366.788,2.8603387663790336,0.0003853444586560153,0.410944532738,12.54,50.669,34.6084,352.0,55.422,72200.0,1649600.0,3.0,0.6908785046443636
2008-09-30,14898.999,6.0,66.06666666666666,21.676666666666666,17.80666666666667,2.533333333333333,137156.0,154560.0,4351.0,17115.0,62311.0,5236.25,3.255001587805628,0.0003078408689537623,0.410944532738,12.54,50.669,34.6084,352.0,55.422,72200.0,1649600.0,3.0,0.6904818212455773
2008-12-31,14608.209,6.866666666666667,65.89999999999999,21.856666666666666,17.946666666666665,2.3333333333333335,135559.66666666666,154723.33333333334,4351.0,17115.0,62311.0,5452.409,3.520682033470157,0.00025066882620645655,0.410944532738,12.54,50.669,34.6084,352.0,55.422,72200.0,1649600.0,3.0,0.6903320151884104
2009-03-31,14430.902,8.266666666666667,65.7,21.99666666666667,18.07,2.0,133297.0,154293.66666666666,4207.0,16287.0,61519.0,5533.429,3.400188028831108,0.0001815010719453309,0.408521362396,11.39,59.239,50.359919999999995,379.0,145.391,12500.0,124100.0,2.0,0.389001809315766
2009-06-30,14381.236,9.299999999999999,65.7,22.12,18.156666666666666,1.8333333333333333,131432.0,154657.33333333334,4207.0,16287.0,61519.0,5680.717,3.091502252602152,0.0001499882954588344,0.408521362396,11.39,59.239,50.359919999999995,379.0,145.391,12500.0,124100.0,2.0,0.38868525076065336
2009-09-30,14448.882,9.633333333333333,65.33333333333333,22.22666666666667,18.34,1.8,130460.0,154212.0,4207.0,16287.0,61519.0,5641.212,2.5372904813163455,0.00014322490500740792,0.408521362396,11.39,59.239,50.359919999999995,379.0,145.391,12500.0,124100.0,2.0,0.38907300538024053
2009-12-31,14651.249,9.933333333333334,64.86666666666666,22.34,18.400000000000002,1.8666666666666665,129975.33333333333,153591.0,4207.0,16287.0,61519.0,5693.132,2.211377154186378,0.00014458086643664308,0.408521362396,11.39,59.239,50.359919999999995,379.0,145.391,12500.0,124100.0,2.0,0.38961569044171857
2010-03-31,14764.61,9.833333333333334,64.86666666666667,22.439999999999998,18.453333333333333,2.033333333333333,129791.33333333333,153710.66666666666,3856.0,15419.0,59928.0,5804.973,2.0154568874071632,0.00015931700191868162,0.402429929196,11.81,59.562,64.70216,402.0,154.779,44500.0,302300.0,1.0,0.5384993204849471
2010-06-30,14980.193,9.633333333333333,64.89999999999999,22.51,18.55,2.2333333333333334,130424.0,154109.66666666666,3856.0,15419.0,59928.0,5872.568,1.7631103074141175,0.00017775402535929132,0.402429929196,11.81,59.562,64.70216,402.0,154.779,44500.0,302300.0,1.0,0.5381384888519014
2010-09-30,15141.607,9.466666666666667,64.63333333333333,22.626666666666665,18.663333333333334,2.2333333333333334,130390.33333333333,153917.33333333334,3856.0,15419.0,59928.0,5825.414,1.7996400719855865,0.00018093020159297071,0.402429929196,11.81,59.562,64.70216,402.0,154.779,44500.0,302300.0,1.0,0.5383123040548928
2010-12-31,15309.474,9.5,64.43333333333334,22.74,18.756666666666664,2.3666666666666667,130733.0,153803.33333333334,3856.0,15419.0,59928.0,5834.795,1.7905102954342,0.00019055847186061963,0.402429929196,11.81,59.562,64.70216,402.0,154.779,44500.0,302300.0,1.0,0.5384154329264524
2011-03-31,15351.448,9.033333333333333,64.16666666666667,22.87,18.896666666666665,2.3666666666666667,131059.0,153284.33333333334,3525.0,15739.0,61027.0,5848.011,1.916221033868104,0.00019990433310661552,0.411649512086,12.54,62.906,71.81092,427.0,111.81,112500.0,1366300.0,61.0,0.7099134236663218
2011-06-30,15557.539,9.066666666666666,64.10000000000001,22.959999999999997,18.906666666666666,2.466666666666667,131743.66666666666,153456.0,3525.0,15739.0,61027.0,5906.473,1.9991115059973197,0.00020650618766954908,0.411649512086,12.54,62.906,71.81092,427.0,111.81,112500.0,1366300.0,61.0,0.7097547391238067
2011-09-30,15647.68,9.0,64.10000000000001,23.093333333333334,18.91,2.6666666666666665,132153.66666666666,153726.33333333334,3525.0,15739.0,61027.0,5852.868,2.0624631703005436,0.00022420588377895656,0.411649512086,12.54,62.906,71.81092,427.0,111.81,112500.0,1366300.0,61.0,0.7095052110645312
2011-12-31,15842.259,8.633333333333333,64.06666666666666,23.19666666666667,18.973333333333333,2.6999999999999997,132710.33333333334,154028.0,3525.0,15739.0,61027.0,5879.568,2.0082087364409418,0.00023565709231984901,0.411649512086,12.54,62.906,71.81092,427.0,111.81,112500.0,1366300.0,61.0,0.7092272816138049
2012-03-31,16068.805,8.266666666666667,63.76666666666667,23.3,19.01,2.766666666666667,133501.0,154600.33333333334,3858.0,16025.0,62255.0,5835.721,1.8801923917796337,0.0002506928182971204,0.411574389754,13.11,64.129,74.61934,431.0,88.443,148100.0,784700.0,41.0,0.6892786370134666
2012-06-30,16207.115,8.2,63.73333333333333,23.42,19.066666666666666,2.7999999999999994,133923.33333333334,154831.33333333334,3858.0,16025.0,62255.0,5825.179,2.0034843205575026,0.0002549693217269679,0.411574389754,13.11,64.129,74.61934,431.0,88.443,148100.0,784700.0,41.0,0.689067729394809
2012-09-30,16319.541,8.033333333333333,63.6,23.513333333333332,19.066666666666666,2.766666666666667,134337.66666666666,154957.0,3858.0,16025.0,62255.0,5834.166,1.8187066974595822,0.0002563676657445016,0.411574389754,13.11,64.129,74.61934,431.0,88.443,148100.0,784700.0,41.0,0.6889531265530828
2012-12-31,16420.419,7.8,63.699999999999996,23.636666666666667,19.11,2.8000000000000003,134856.0,155506.66666666666,3858.0,16025.0,62255.0,5872.55,1.8968242563586646,0.0002661908695010671,0.411574389754,13.11,64.129,74.61934,431.0,88.443,148100.0,784700.0,41.0,0.6884529531199438
2013-03-31,16648.189,7.733333333333333,63.46666666666667,23.77333333333333,19.189999999999998,2.8666666666666667,135497.33333333334,155360.0,3225.0,14328.0,61747.0,5834.315,2.0314735336194323,0.00027357708528513263,0.408727202051,13.64,68.082,76.06632,456.0,66.836,54500.0,289900.0,46.0,0.5485706929666939
2013-06-30,16728.687,7.533333333333334,63.4,23.906666666666666,19.243333333333336,2.966666666666667,136082.66666666666,155559.66666666666,3225.0,14328.0,61747.0,5844.61,2.0779960148021637,0.0002893868259498001,0.408727202051,13.64,68.082,76.06632,456.0,66.836,54500.0,289900.0,46.0,0.5483920772318954
2013-09-30,16953.838,7.233333333333333,63.26666666666667,24.02,19.30333333333333,2.8666666666666667,136619.33333333334,155630.33333333334,3225.0,14328.0,61747.0,5864.29,2.1548057839523738,0.0002900858570934076,0.408727202051,13.64,68.082,76.06632,456.0,66.836,54500.0,289900.0,46.0,0.5483289172315619
2013-12-31,17192.019,6.933333333333334,62.9,24.143333333333334,19.400000000000002,2.9333333333333336,137243.33333333334,155040.0,3225.0,14328.0,61747.0,5868.976,2.1435622620222805,0.00030826774080848355,0.408727202051,13.64,68.082,76.06632,456.0,66.836,54500.0,289900.0,46.0,0.5488574461631266
2014-03-31,17197.738,6.666666666666667,62.96666666666667,24.286666666666665,19.48,3.033333333333333,137752.66666666666,155621.0,3340.0,14442.0,62920.0,5904.306,2.1592821088053826,0.00033030213571183135,0.417386338783,13.64,68.339,69.99884,495.0,39.144,34300.0,256300.0,64.0,0.5070946160064818
2014-06-30,17518.508,6.2,62.833333333333336,24.400000000000002,19.51,3.3333333333333335,138553.33333333334,155586.66666666666,3340.0,14442.0,62920.0,5972.949,2.0635805911879634,0.00038803426497773457,0.417386338783,13.64,68.339,69.99884,495.0,39.144,34300.0,256300.0,64.0,0.5071251831816204
2014-09-30,17804.228,6.066666666666666,62.86666666666667,24.526666666666667,19.59,3.5,139301.33333333334,156059.0,3340.0,14442.0,62920.0,6043.884,2.10935331668054,0.00041415474146436275,0.417386338783,13.64,68.339,69.99884,495.0,39.144,34300.0,256300.0,64.0,0.5067052690928806
2014-12-31,17912.079,5.7,62.86666666666667,24.626666666666665,19.633333333333336,3.4333333333333336,140083.66666666666,156414.33333333334,3340.0,14442.0,62920.0,6077.435,2.00193290073174,0.0004299853049391077,0.417386338783,13.64,68.339,69.99884,495.0,39.144,34300.0,256300.0,64.0,0.5063902305966285
2015-03-31,18063.529,5.533333333333334,62.73333333333333,24.793333333333333,19.7,3.6666666666666665,140772.66666666666,156772.33333333334,3385.0,15165.0,67228.0,6108.636,2.0861926983255508,0.0004707239111827854,0.414574394947,13.64,68.525,69.64514,549.0,35.737,47300.0,758700.0,87.0,0.6037355071128325
2015-06-30,18279.784,5.433333333333334,62.800000000000004,24.94333333333333,19.843333333333334,3.733333333333333,141481.0,157257.66666666666,3385.0,15165.0,67228.0,6059.634,2.2267759562841327,0.00048565995746225834,0.414574394947,13.64,68.525,69.64514,549.0,35.737,47300.0,758700.0,87.0,0.6032995647747789
2015-09-30,18401.626,5.1000000000000005,62.53333333333333,25.073333333333334,19.99,3.8333333333333335,142130.33333333334,156967.33333333334,3385.0,15165.0,67228.0,6226.8,2.2288665398205953,0.0005288343236100934,0.414574394947,13.64,68.525,69.64514,549.0,35.737,47300.0,758700.0,87.0,0.603560187982601
2015-12-31,18435.137,5.033333333333333,62.56666666666666,25.233333333333334,20.063333333333333,3.8666666666666667,142821.33333333334,157555.0,3385.0,15165.0,67228.0,6247.224,2.4634542501353662,0.0005378831737530817,0.414574394947,13.64,68.525,69.64514,549.0,35.737,47300.0,758700.0,87.0,0.6030331615244086
2016-03-31,18525.933,4.8999999999999995,62.833333333333336,25.400000000000002,20.2,4.0,143426.0,158699.66666666666,3472.0,15208.0,70938.0,6313.945,2.4468943264318366,0.0005691621676768822,0.413314519093,13.64,66.723,66.53927,577.0,35.481,99400.0,1468600.0,65.0,0.7012743473949267
2016-06-30,18711.702,4.933333333333334,62.76666666666667,25.576666666666668,20.419999999999998,3.8666666666666667,143967.0,158964.0,3472.0,15208.0,70938.0,6317.603,2.539088600828565,0.0005444190569948556,0.413314519093,13.64,66.723,66.53927,577.0,35.481,99400.0,1468600.0,65.0,0.7010383904469921
2016-09-30,18892.639,4.8999999999999995,62.86666666666667,25.723333333333333,20.53,3.9,144716.0,159490.0,3472.0,15208.0,70938.0,6406.46,2.5923956394575898,0.0005499864336679696,0.413314519093,13.64,66.723,66.53927,577.0,35.481,99400.0,1468600.0,65.0,0.7005700284973797
2016-12-31,19089.379,4.766666666666667,62.73333333333333,25.909999999999997,20.593333333333334,3.8666666666666667,145218.66666666666,159596.33333333334,3472.0,15208.0,70938.0,6454.322,2.6816380449141253,0.000558598167720962,0.413314519093,13.64,66.723,66.53927,577.0,35.481,99400.0,1468600.0,65.0,0.7004755357392987
2017-03-31,19280.084,4.566666666666666,62.86666666666667,26.060000000000002,20.643333333333334,3.8000000000000003,145814.66666666666,159872.0,3491.0,16143.0,72202.0,6497.531,2.5984251968503846,0.0005706674145635794,0.413873855326,13.64,66.443,63.71105,600.0,33.772,25300.0,2378400.0,56.0,0.6371137992976055
2017-06-30,19438.643,4.366666666666667,62.86666666666667,26.21666666666667,20.793333333333333,3.9666666666666663,146379.33333333334,160201.66666666666,3491.0,16143.0,72202.0,6527.353,2.5022807246187995,0.0006205773218657132,0.413873855326,13.64,66.443,63.71105,600.0,33.772,25300.0,2378400.0,56.0,0.6368218896604914
2017-09-30,19692.595,4.333333333333333,62.96666666666667,26.403333333333336,20.956666666666667,4.1,146899.66666666666,160729.33333333334,3491.0,16143.0,72202.0,6635.02,2.643514319035911,0.0006440816835213011,0.413873855326,13.64,66.443,63.71105,600.0,33.772,25300.0,2378400.0,56.0,0.6363559127737962
2017-12-31,20037.088,4.166666666666667,62.70000000000001,26.55666666666667,21.12666666666667,4.133333333333333,147348.0,160474.33333333334,3491.0,16143.0,72202.0,6693.791,2.495818860156973,0.0006732361484377119,0.413873855326,13.64,66.443,63.71105,600.0,33.772,25300.0,2378400.0,56.0,0.6365809080915094
2018-03-31,20328.553,4.033333333333333,62.86666666666667,26.77,21.326666666666668,4.3,147998.0,161459.33333333334,3436.0,16603.0,75685.0,6788.117,2.7244819646968343,0.0007203581821912046,0.417842331667,13.64,64.924,60.91685,616.0,31.384,485200.0,2363000.0,49.0,0.8454112683930363
2018-06-30,20580.912,3.9333333333333336,62.93333333333334,26.973333333333333,21.45,4.5,148707.33333333334,161943.0,3436.0,16603.0,75685.0,6899.997,2.886204704386519,0.0007693418817790891,0.417842331667,13.64,64.924,60.91685,616.0,31.384,485200.0,2363000.0,49.0,0.8449861569022087
2018-09-30,20798.73,3.766666666666667,62.800000000000004,27.209999999999997,21.53333333333333,4.633333333333333,149218.33333333334,162029.33333333334,3436.0,16603.0,75685.0,6987.389,3.0551698017926787,0.0008243548015158242,0.417842331667,13.64,64.924,60.91685,616.0,31.384,485200.0,2363000.0,49.0,0.8449104095219911
2018-12-31,20917.867,3.8333333333333335,62.93333333333334,27.456666666666667,21.76,4.766666666666667,149651.0,162881.33333333334,3436.0,16603.0,75685.0,7070.96,3.388979540604997,0.0008309187782704861,0.417842331667,13.64,64.924,60.91685,616.0,31.384,485200.0,2363000.0,49.0,0.8441650435754167
2019-03-31,21111.6,3.8666666666666667,63.06666666666666,27.683333333333334,21.906666666666666,4.633333333333333,150140.66666666666,162955.33333333334,3423.0,17992.0,78351.0,7216.717,3.411779354999389,0.0007981021322686051,0.419029949864,13.64,64.478,55.622279999999996,627.0,31.333,425500.0,3014700.0,62.0,0.8520120881464835
2019-06-30,21397.938,3.6333333333333333,62.9,27.88,22.040000000000003,4.6,150682.33333333334,162835.0,3423.0,17992.0,78351.0,7298.921,3.361344537815114,0.0008402146541431927,0.419029949864,13.64,64.478,55.622279999999996,627.0,31.333,425500.0,3014700.0,62.0,0.8521171436169266
2019-09-30,21717.171,3.6,63.13333333333333,28.11,22.19333333333333,4.5,151157.0,163818.66666666666,3423.0,17992.0,78351.0,7393.724,3.3076074972436587,0.0008269547556514086,0.419029949864,13.64,64.478,55.622279999999996,627.0,31.333,425500.0,3014700.0,62.0,0.8512606392086204
2019-12-31,21933.217,3.6,63.29999999999999,28.319999999999997,22.37,4.366666666666666,151640.33333333334,164537.0,3423.0,17992.0,78351.0,7489.057,3.144348670632491,0.000799894682568817,0.419029949864,13.64,64.478,55.622279999999996,627.0,31.333,425500.0,3014700.0,62.0,0.8506384190248774
2020-03-31,21751.238,3.8333333333333335,63.06666666666666,28.566666666666666,22.516666666666666,4.233333333333333,151739.66666666666,163801.0,4001.0,18766.0,80976.0,7550.374,3.190848886213127,0.00072779112432936,0.400026584152,13.64,59.24,74.15668,683.0,540.502,27000.0,281700.0,3716.0,0.4894156490625189
2020-06-30,19958.291,13.0,60.800000000000004,29.713333333333335,22.69333333333333,3.9,133712.33333333334,158121.33333333334,4001.0,18766.0,80976.0,10847.431,6.575801052128183,0.00022436225030351221,0.400026584152,13.64,59.24,74.15668,683.0,540.502,27000.0,281700.0,3716.0,0.494308330235428
2020-09-30,21704.437,8.799999999999999,61.53333333333333,29.463333333333335,22.883333333333336,4.433333333333334,140615.33333333334,160337.33333333334,4001.0,18766.0,80976.0,9820.923,4.814419542274395,0.00035827378625461344,0.400026584152,13.64,59.24,74.15668,683.0,540.502,27000.0,281700.0,3716.0,0.49237823023548366
2020-12-31,22087.16,6.766666666666667,61.56666666666666,29.69666666666667,23.083333333333332,4.566666666666666,142580.33333333334,160792.33333333334,4001.0,18766.0,80976.0,8572.509,4.861111111111138,0.0004733309507089386,0.400026584152,13.64,59.24,74.15668,683.0,540.502,27000.0,281700.0,3716.0,0.49198532377278537
2021-03-31,22680.693,6.233333333333333,61.43333333333334,30.003333333333334,23.323333333333334,5.2,143491.66666666666,160256.0,3509.0,18718.0,81803.0,11226.009,5.029171528588106,0.0005813749455349194,0.397127187192,13.64,65.684,107.9315,748.0,326.77,80700.0,1186900.0,305.0,0.6700414172298846
2021-06-30,23425.91,5.933333333333334,61.63333333333333,30.39,23.616666666666664,6.366666666666667,145157.33333333334,160935.66666666666,3509.0,18718.0,81803.0,9643.545,2.2773165806596385,0.0007392211493725212,0.397127187192,13.64,65.684,107.9315,748.0,326.77,80700.0,1186900.0,305.0,0.6694422238901139
2021-09-30,23982.379,5.066666666666666,61.73333333333333,30.80666666666667,24.0,6.8999999999999995,147282.33333333334,161508.0,3509.0,18718.0,81803.0,9289.339,4.5593392917751,0.0009246472909829587,0.397127187192,13.64,65.684,107.9315,748.0,326.77,80700.0,1186900.0,305.0,0.6689396286870797
2021-12-31,24813.6,4.166666666666667,61.9,31.253333333333334,24.256666666666664,7.033333333333334,149206.0,162148.33333333334,3509.0,18718.0,81803.0,8905.471,5.241890223369627,0.0011313217967105881,0.397127187192,13.64,65.684,107.9315,748.0,326.77,80700.0,1186900.0,305.0,0.6683794408112584
2022-03-31,25250.347,3.8666666666666667,62.300000000000004,31.680000000000003,24.599999999999998,7.233333333333333,150715.33333333334,163954.33333333334,4149.0,20708.0,88710.0,8419.48,5.588267970225536,0.0012412072572835413,0.417003541651,13.64,57.0,113.90249,824.0,30.307,120600.0,1991100.0,47.0,0.7319310547933758
2022-06-30,25861.292,3.6333333333333333,62.23333333333333,32.083333333333336,24.906666666666666,7.1000000000000005,151968.33333333334,164092.66666666666,4149.0,20708.0,88710.0,8913.611,5.5720083360754735,0.0012858787074282838,0.417003541651,13.64,57.0,113.90249,824.0,30.307,120600.0,1991100.0,47.0,0.7318113272845631
2022-09-30,26336.304,3.533333333333333,62.199999999999996,32.449999999999996,25.150000000000002,6.6000000000000005,153338.66666666666,164430.0,4149.0,20708.0,88710.0,9000.315,5.334343215754145,0.0012181692777872206,0.417003541651,13.64,57.0,113.90249,824.0,30.307,120600.0,1991100.0,47.0,0.731519789763998
2022-12-31,26770.514,3.5666666666666664,62.199999999999996,32.82,25.55,6.466666666666666,154174.33333333334,164668.33333333334,4149.0,20708.0,88710.0,9299.586,5.012798634812277,0.0011759960772650437,0.417003541651,13.64,57.0,113.90249,824.0,30.307,120600.0,1991100.0,47.0,0.7313141740893848
2023-03-31,27216.445,3.533333333333333,62.5,33.14666666666667,25.83666666666667,6.033333333333334,154992.0,166364.33333333334,4746.0,22536.0,96980.0,9548.057,4.629629629629628,0.00110170019730781,0.418204618935,13.64,64.0,113.90249,894.0,38.24,458900.0,16660000.0,18.0,0.9760401828630972
2023-06-30,27530.055,3.533333333333333,62.6,33.54,26.166666666666668,5.766666666666667,155636.66666666666,166842.66666666666,4746.0,22536.0,96980.0,9788.883,4.540259740259733,0.0010486445814170482,0.418204618935,13.64,64.0,113.90249,894.0,38.24,458900.0,16660000.0,18.0,0.9756310555076029
2023-09-30,28074.846,3.6333333333333333,62.699999999999996,33.916666666666664,26.513333333333335,5.5,156240.33333333334,167551.33333333334,4746.0,22536.0,96980.0,9916.111,4.519774011299438,0.0009688672800385996,0.418204618935,13.64,64.0,113.90249,894.0,38.24,458900.0,16660000.0,18.0,0.9750270722695313
2023-12-31,28424.722,3.8000000000000003,62.63333333333333,34.18,26.886666666666667,5.2,156712.0,167713.0,4746.0,22536.0,96980.0,9866.481,4.143814747105412,0.0008732075735307947,0.418204618935,13.64,64.0,113.90249,894.0,38.24,458900.0,16660000.0,18.0,0.9748896449270055
2024-03-31,28708.161,3.8333333333333335,62.6,34.54666666666667,27.3,5.066666666666666,157245.33333333334,167620.0,5172.0,23546.0,100178.0,10141.83,4.223652453740945,0.0008405585732919147,0.417625281746,13.64,69.6,93.47588999999999,949.0,41.77,271500.0,3859300.0,25.0,0.8335116506786233
2024-06-30,29147.044,3.9666666666666663,62.6,34.88666666666666,27.64,4.6000000000000005,157611.0,167921.33333333334,,,,10289.369,4.015106340687735,0.0007357759709323707,0.417625281746,13.64,69.6,93.47588999999999,949.0,41.77,271500.0,3859300.0,25.0,0.83325612861009
2024-09-30,29511.664,4.166666666666667,62.70000000000001,35.21333333333333,27.97666666666667,4.433333333333334,157805.66666666666,168516.33333333334,,,,10599.62,3.8230958230958345,0.0006742470169005338,0.417625281746,13.64,69.6,93.47588999999999,949.0,41.77,271500.0,3859300.0,25.0,0.8327529324546548
2024-12-31,29825.182,4.133333333333333,62.46666666666667,35.583333333333336,28.22,4.5,158113.33333333334,168383.0,,,,10665.479,4.105714842988117,0.0006885628520171322,0.417625281746,13.64,69.6,93.47588999999999,949.0,41.77,271500.0,3859300.0,25.0,0.8328655385124827
2025-03-31,30042.113,4.133333333333334,62.53333333333333,35.96333333333333,28.709999999999997,4.366666666666667,158318.33333333334,170592.66666666666,,,,10755.975,4.100733307603233,0.0006672958151213645,0.417625281746,13.64,69.6,95.7821,949.0,41.77,306800.0,1496000.0,31.0,0.7726046441147872
2025-06-30,30485.729,4.2,62.43333333333334,36.25333333333333,28.893333333333334,4.333333333333333,158487.0,170642.0,,,,10949.536,3.917446971144667,0.0006509972627067403,0.417625281746,13.64,69.6,95.7821,949.0,41.77,306800.0,1496000.0,31.0,0.7725636380827731
2025-09-30,31098.027,4.333333333333333,62.333333333333336,36.596666666666664,29.153333333333336,4.266666666666667,158520.66666666666,170807.66666666666,,,,11099.617,3.9284361984097016,0.0006211274563245495,0.417625281746,13.64,69.6,95.7821,949.0,41.77,306800.0,1496000.0,31.0,0.7724260225586539
2025-12-31,31422.526,4.45,62.45,36.95666666666667,29.44666666666667,4.133333333333333,158429.66666666666,171518.0,,,,11146.285,3.8594847775175634,0.0005862784230084399,0.417625281746,13.64,69.6,95.7821,949.0,41.77,306800.0,1496000.0,31.0,0.7718374821273584
