country,year,gini_disp,gini_disp_se,gini_mkt,gini_mkt_se,abs_red,abs_red_se,rel_red,rel_red_se
Chile,1968,44.8,2.94,50,3.68,,,,
Chile,1969,45.1,2.87,50.2,3.61,,,,
Chile,1970,45.3,2.79,50.3,3.5,,,,
Chile,1971,45.5,2.69,50.5,3.42,,,,
Chile,1972,45.8,2.7,50.6,3.37,,,,
Chile,1973,46.1,2.69,50.8,3.31,,,,
Chile,1974,46.4,2.66,50.9,3.25,,,,
Chile,1975,46.7,2.63,51.1,3.16,,,,
Chile,1976,47,2.57,51.2,3.1,,,,
Chile,1977,47.3,2.45,51.4,2.98,,,,
Chile,1978,47.6,2.35,51.6,2.87,,,,
Chile,1979,47.9,2.31,51.7,2.78,,,,
Chile,1980,48.2,2.23,51.9,2.68,,,,
Chile,1981,48.6,2.14,52.1,2.54,,,,
Chile,1982,48.9,2,52.2,2.38,,,,
Chile,1983,49.2,1.82,52.4,2.2,,,,
Chile,1984,49.4,1.69,52.7,2.08,,,,
Chile,1985,49.7,1.48,53,1.9,3.3,2.4,6.2,3.1
Chile,1986,50.2,1.25,53.6,1.73,3.4,2.1,6.3,2.7
Chile,1987,50.7,0.76,54.2,1.49,3.5,1.7,6.5,2.3
Chile,1988,50.7,1.09,54.5,1.43,3.8,1.8,7,2.3
Chile,1989,50.6,1.11,54.8,1.29,4.2,1.7,7.7,2.1
Chile,1990,50.6,0.94,55,0.99,4.4,1.4,8,1.7
Chile,1991,50.5,1.09,54.9,1.1,4.4,1.5,8,1.9
Chile,1992,50.6,0.93,54.9,0.96,4.3,1.3,7.8,1.6
Chile,1993,50.7,1.06,54.9,1.07,4.2,1.5,7.7,1.8
Chile,1994,50.7,0.88,54.9,0.88,4.2,1.2,7.7,1.5
Chile,1995,50.7,1.12,54.9,1.14,4.2,1.6,7.7,2
Chile,1996,50.7,1.11,54.9,1.12,4.2,1.6,7.7,2
Chile,1997,50.8,1.15,55,1.18,4.2,1.6,7.6,2
Chile,1998,50.8,0.99,55.1,0.97,4.3,1.4,7.8,1.7
Chile,1999,50.8,1.21,55.3,1.2,4.5,1.7,8.1,2.1
Chile,2000,50.8,1.24,55.4,1.21,4.6,1.7,8.3,2.1
Chile,2001,50.5,1.31,55.1,1.32,4.6,1.9,8.3,2.3
Chile,2002,50.2,1.21,54.8,1.23,4.6,1.7,8.4,2.1
Chile,2003,49.9,0.91,54.5,0.95,4.6,1.3,8.4,1.6
Chile,2004,49.3,1.15,53.9,1.19,4.6,1.7,8.5,2.1
Chile,2005,48.6,1.13,53.3,1.15,4.7,1.6,8.8,2
Chile,2006,48,0.84,52.7,0.84,4.7,1.2,8.9,1.5
Chile,2007,47.8,1.17,52.8,1.19,5,1.7,9.5,2.1
Chile,2008,47.6,1.27,52.9,1.27,5.3,1.8,10,2.2
Chile,2009,47.4,1.19,53,1.16,5.6,1.7,10.6,2.1
Chile,2010,47,1.2,52.8,1.18,5.8,1.7,11,2.1
Chile,2011,46.7,0.99,52.6,0.99,5.9,1.4,11.2,1.7
Chile,2012,46.4,1.09,52.3,1.09,5.9,1.5,11.3,1.9
Chile,2013,46.1,0.9,52.1,0.87,6,1.3,11.5,1.6
Chile,2014,45.8,0.98,51.8,0.99,6,1.4,11.6,1.7
Chile,2015,45.5,0.64,51.5,0.7,6,0.9,11.7,1.1
Chile,2016,45.7,0.94,51.7,0.96,6,1.3,11.6,1.6
Chile,2017,45.9,0.8,51.9,0.77,6,1.1,11.6,1.3
Chile,2018,46.2,1.07,51.7,1.1,5.5,1.5,10.6,1.9
Chile,2019,46.5,1.02,51.6,1.12,5.1,1.5,9.9,1.9
Chile,2020,46.8,0.62,51.5,0.83,4.7,1,9.1,1.3
Chile,2021,45.2,0.92,50.2,1.08,5,1.4,10,1.8
Chile,2022,43.6,0.63,48.8,0.88,5.2,1.1,10.7,1.4
Chile,2023,43.5,1.23,48.8,1.39,5.3,1.9,10.9,2.4
Chile,2024,43.4,1.59,48.8,1.74,5.4,2.4,11.1,3
Egypt,1975,33,2.65,34.7,3.18,,,,
Egypt,1976,32.9,2.72,34.8,3.22,,,,
Egypt,1977,32.9,2.78,34.8,3.26,,,,
Egypt,1978,32.8,2.84,34.8,3.26,,,,
Egypt,1979,32.8,2.86,34.8,3.25,,,,
Egypt,1980,32.8,2.87,34.8,3.25,,,,
Egypt,1981,32.7,2.86,34.8,3.23,,,,
Egypt,1982,32.7,2.86,34.7,3.18,,,,
Egypt,1983,32.6,2.8,34.7,3.14,,,,
Egypt,1984,32.6,2.77,34.7,3.08,,,,
Egypt,1985,32.5,2.71,34.7,3.02,,,,
Egypt,1986,32.5,2.63,34.8,2.93,,,,
Egypt,1987,32.5,2.54,34.8,2.83,,,,
Egypt,1988,32.4,2.41,34.8,2.72,,,,
Egypt,1989,32.4,2.27,34.8,2.6,,,,
Egypt,1990,32.4,2.09,34.8,2.45,,,,
Egypt,1991,32.3,2,34.8,2.32,,,,
Egypt,1992,32.4,1.98,34.8,2.28,,,,
Egypt,1993,32.4,1.89,34.8,2.18,,,,
Egypt,1994,32.3,1.77,34.9,2.03,,,,
Egypt,1995,32.3,1.58,34.9,1.84,,,,
Egypt,1996,32.5,1.48,35,1.71,,,,
Egypt,1997,32.6,1.4,35.1,1.62,,,,
Egypt,1998,32.6,1.22,35.1,1.45,,,,
Egypt,1999,32.7,0.89,35.1,1.21,,,,
Egypt,2000,32.9,1.14,35.2,1.35,,,,
Egypt,2001,32.7,1.34,35,1.5,,,,
Egypt,2002,32.5,1.36,34.8,1.52,,,,
Egypt,2003,32.2,1.22,34.6,1.42,,,,
Egypt,2004,32,0.88,34.4,1.16,,,,
Egypt,2005,31.8,1.08,34.2,1.29,,,,
Egypt,2006,31.5,1.18,34,1.37,,,,
Egypt,2007,31.2,1.14,33.6,1.32,,,,
Egypt,2008,30.8,0.81,33.3,1.07,,,,
Egypt,2009,30.8,0.96,33.2,1.17,,,,
Egypt,2010,30.4,0.82,32.9,1.06,,,,
Egypt,2011,30.1,1.03,32.6,1.2,,,,
Egypt,2012,29.8,0.84,32.4,1.08,,,,
Egypt,2013,30,1.13,32.5,1.3,,,,
Egypt,2014,30.2,1.15,32.6,1.31,,,,
Egypt,2015,30.3,0.89,32.6,1.15,,,,
Egypt,2016,30.1,1.05,32.5,1.25,,,,
Egypt,2017,29.9,0.86,32.4,1.15,,,,
Egypt,2018,30.3,1.05,32.8,1.32,,,,
Egypt,2019,30.2,0.94,32.7,1.3,,,,
Egypt,2020,30.6,1.35,33,1.66,,,,
Egypt,2021,30.9,1.62,33.2,1.94,,,,
Egypt,2022,31.5,1.89,33.6,2.22,,,,
Egypt,2023,32,2.13,33.9,2.44,,,,
Germany,1960,27.2,0.74,50.7,1.34,,,,
Germany,1961,27.6,1.23,50,1.61,,,,
Germany,1962,27.9,1.45,49.3,1.8,,,,
Germany,1963,28.3,1.57,48.6,1.91,,,,
Germany,1964,28.6,1.6,47.9,1.99,,,,
Germany,1965,28.7,1.7,47,2.02,,,,
Germany,1966,28.8,1.73,46.2,2.03,,,,
Germany,1967,29,1.7,45.4,2.02,,,,
Germany,1968,29.1,1.61,44.6,1.94,,,,
Germany,1969,28.9,1.59,43.6,1.85,,,,
Germany,1970,28.8,1.45,42.5,1.7,,,,
Germany,1971,28.3,1.34,41.2,1.49,,,,
Germany,1972,27.9,1.07,39.9,1.17,,,,
Germany,1973,27.4,0.46,38.5,0.52,,,,
Germany,1974,28.1,0.91,40,1.06,,,,
Germany,1975,27.9,1.1,40.5,1.26,12.6,1.7,31.1,2.1
Germany,1976,27.4,1.18,40.9,1.27,13.5,1.7,33,2.1
Germany,1977,26.9,1.02,41.2,1.11,14.3,1.5,34.7,1.9
Germany,1978,26.4,0.46,41.6,0.6,15.2,0.8,36.5,1
Germany,1979,26.5,1.03,41.8,1.11,15.3,1.5,36.6,1.9
Germany,1980,26.7,1.15,42,1.26,15.3,1.7,36.4,2.1
Germany,1981,26.5,1.19,41.9,1.27,15.4,1.7,36.8,2.1
Germany,1982,26.2,1.06,41.9,1.11,15.7,1.5,37.5,1.9
Germany,1983,26,0.5,41.9,0.61,15.9,0.8,37.9,1
Germany,1984,25.7,0.72,42.9,0.89,17.2,1.1,40.1,1.4
Germany,1985,25.4,0.76,43.3,0.95,17.9,1.2,41.3,1.5
Germany,1986,25,0.72,43.3,0.96,18.3,1.2,42.3,1.5
Germany,1987,25.2,0.76,43.5,0.96,18.3,1.2,42.1,1.5
Germany,1988,25.3,0.81,43.6,0.99,18.3,1.3,42,1.6
Germany,1989,25.6,0.84,43.7,1,18.1,1.3,41.4,1.6
Germany,1990,25.8,0.77,43.8,0.98,18,1.2,41.1,1.5
Germany,1991,26.2,0.68,44.1,0.91,17.9,1.1,40.6,1.4
Germany,1992,26.1,0.74,44.6,0.91,18.5,1.2,41.5,1.5
Germany,1993,25.8,0.73,44.9,0.94,19.1,1.2,42.5,1.5
Germany,1994,25.8,0.73,45.5,0.91,19.7,1.2,43.3,1.5
Germany,1995,25.6,0.73,46,0.9,20.4,1.2,44.3,1.5
Germany,1996,25.3,0.72,46.4,0.94,21.1,1.2,45.5,1.5
Germany,1997,25.2,0.67,46.7,0.89,21.5,1.1,46,1.4
Germany,1998,25.4,0.66,47,0.85,21.6,1.1,46,1.4
Germany,1999,25.9,0.58,47.3,0.71,21.4,0.9,45.2,1.1
Germany,2000,26.1,0.64,48.1,0.77,22,1,45.7,1.3
Germany,2001,26.7,0.6,49.2,0.77,22.5,1,45.7,1.3
Germany,2002,26.9,0.6,49.9,0.78,23,1,46.1,1.3
Germany,2003,27,0.58,50.4,0.8,23.4,1,46.4,1.3
Germany,2004,27.3,0.58,50.8,0.82,23.5,1,46.3,1.3
Germany,2005,28.2,0.68,51.6,0.81,23.4,1.1,45.3,1.4
Germany,2006,28.5,0.69,51.8,0.79,23.3,1,45,1.3
Germany,2007,28.6,0.72,51.7,0.84,23.1,1.1,44.7,1.4
Germany,2008,28.5,0.72,51.5,0.84,23,1.1,44.7,1.4
Germany,2009,28.5,0.69,51.6,0.82,23.1,1.1,44.8,1.4
Germany,2010,28.6,0.72,51.7,0.79,23.1,1.1,44.7,1.4
Germany,2011,28.7,0.71,51.8,0.79,23.1,1.1,44.6,1.4
Germany,2012,28.9,0.68,52,0.83,23.1,1.1,44.4,1.4
Germany,2013,29.1,0.74,52.2,0.86,23.1,1.1,44.3,1.4
Germany,2014,29,0.73,52.1,0.84,23.1,1.1,44.3,1.4
Germany,2015,29.2,0.78,52.2,0.88,23,1.2,44.1,1.5
Germany,2016,29.4,0.76,52.2,0.87,22.8,1.2,43.7,1.5
Germany,2017,29.6,0.82,52.3,0.87,22.7,1.2,43.4,1.5
Germany,2018,30,0.79,52.3,0.83,22.3,1.1,42.6,1.4
Germany,2019,30.3,0.84,52.3,0.89,22,1.2,42.1,1.5
Germany,2020,30.6,0.85,52.1,0.94,21.5,1.3,41.3,1.6
Germany,2021,31,0.82,51.7,0.95,20.7,1.3,40,1.6
Germany,2022,31,0.98,51.6,1.14,20.6,1.5,39.9,1.9
Germany,2023,30.9,1.37,51.7,1.58,20.8,2.1,40.2,2.6
Russia,1988,23.7,1.31,34.3,1.93,,,,
Russia,1989,23.6,1.14,34.6,1.73,,,,
Russia,1990,23.8,1.08,35.4,1.59,,,,
Russia,1991,25.3,1.01,36.8,1.44,,,,
Russia,1992,28.4,0.97,39.5,1.38,,,,
Russia,1993,32.7,1.02,42.9,1.35,10.2,1.7,23.8,2.2
Russia,1994,35.4,0.98,45.6,1.32,10.2,1.6,22.4,2.1
Russia,1995,36.9,0.95,47.2,1.27,10.3,1.6,21.8,2
Russia,1996,37.2,0.99,47.9,1.27,10.7,1.6,22.3,2
Russia,1997,36.7,1.05,47.7,1.29,11,1.7,23.1,2.1
Russia,1998,36.7,1.05,48,1.29,11.3,1.7,23.5,2.1
Russia,1999,36.6,1.12,48.1,1.3,11.5,1.7,23.9,2.1
Russia,2000,36.9,1.17,48.5,1.28,11.6,1.7,23.9,2.1
Russia,2001,36.5,1.06,48.4,1.26,11.9,1.6,24.6,2
Russia,2002,36.1,1.04,48.2,1.25,12.1,1.6,25.1,2
Russia,2003,36.6,1.03,48.6,1.23,12,1.6,24.7,2
Russia,2004,36.9,0.98,48.7,1.16,11.8,1.5,24.2,1.9
Russia,2005,36.1,1,48.5,1.22,12.4,1.6,25.6,2
Russia,2006,35.9,0.99,48.2,1.17,12.3,1.5,25.5,1.9
Russia,2007,35.6,0.9,47.6,1.05,12,1.4,25.2,1.8
Russia,2008,35.9,0.95,48,1.13,12.1,1.5,25.2,1.9
Russia,2009,35.2,0.98,47.5,1.12,12.3,1.5,25.9,1.9
Russia,2010,35.1,0.96,46.9,0.96,11.8,1.4,25.2,1.7
Russia,2011,35.3,0.98,46.7,0.95,11.4,1.4,24.4,1.7
Russia,2012,35.1,1.05,46.4,1.08,11.3,1.5,24.4,1.8
Russia,2013,34.6,0.95,45.8,0.97,11.2,1.4,24.5,1.7
Russia,2014,34,0.78,45,0.81,11,1.1,24.4,1.4
Russia,2015,33.3,0.74,44.4,0.72,11.1,1,25,1.2
Russia,2016,32.9,0.68,44.2,0.73,11.3,1,25.6,1.2
Russia,2017,32.1,0.66,43.7,0.69,11.6,1,26.5,1.2
Russia,2018,31.9,0.8,43.5,0.73,11.6,1.1,26.7,1.3
Russia,2019,31.5,0.9,43.4,0.84,11.9,1.2,27.4,1.5
Russia,2020,30.9,0.76,43.1,0.75,12.2,1.1,28.3,1.3
Russia,2021,31,0.73,43,0.79,12,1.1,27.9,1.4
Russia,2022,30.8,1.15,42.7,1.2,11.9,1.7,27.9,2.1
Russia,2023,30.6,1.46,42.6,1.57,12,2.1,28.2,2.6
South Africa,1975,59.2,3.86,64.1,4.44,,,,
South Africa,1976,59.4,3.82,64.2,4.38,,,,
South Africa,1977,59.5,3.75,64.4,4.31,,,,
South Africa,1978,59.6,3.71,64.5,4.23,,,,
South Africa,1979,59.8,3.65,64.6,4.16,,,,
South Africa,1980,59.9,3.58,64.7,4.08,,,,
South Africa,1981,60.1,3.47,64.9,4,,,,
South Africa,1982,60.2,3.38,65,3.9,,,,
South Africa,1983,60.3,3.28,65.2,3.81,,,,
South Africa,1984,60.4,3.19,65.3,3.7,,,,
South Africa,1985,60.6,3.09,65.4,3.58,4.8,4.7,7.3,5.9
South Africa,1986,60.7,2.96,65.5,3.44,4.8,4.5,7.3,5.7
South Africa,1987,60.8,2.82,65.7,3.31,4.9,4.3,7.5,5.4
South Africa,1988,61,2.66,65.8,3.17,4.8,4.1,7.3,5.2
South Africa,1989,61.1,2.49,65.9,3.03,4.8,3.9,7.3,4.9
South Africa,1990,61.2,2.29,66,2.86,4.8,3.7,7.3,4.7
South Africa,1991,61.3,2.07,66.1,2.68,4.8,3.4,7.3,4.3
South Africa,1992,61.5,1.88,66.3,2.53,4.8,3.2,7.2,4.1
South Africa,1993,61.6,1.64,66.3,2.36,4.7,2.9,7.1,3.7
South Africa,1994,61.6,1.74,66.6,2.37,5,2.9,7.5,3.7
South Africa,1995,61.5,1.8,66.8,2.34,5.3,3,7.9,3.8
South Africa,1996,61.6,1.86,67.1,2.34,5.5,3,8.2,3.8
South Africa,1997,61.7,1.94,67.3,2.38,5.6,3.1,8.3,3.9
South Africa,1998,61.8,1.97,67.6,2.35,5.8,3.1,8.6,3.9
South Africa,1999,61.9,1.94,67.9,2.3,6,3,8.8,3.8
South Africa,2000,62,1.86,68.2,2.21,6.2,2.9,9.1,3.6
South Africa,2001,62.3,1.94,68.6,2.26,6.3,3,9.2,3.8
South Africa,2002,62.6,1.98,69.1,2.26,6.5,3,9.4,3.8
South Africa,2003,62.8,1.97,69.6,2.2,6.8,3,9.8,3.7
South Africa,2004,63.1,1.92,70.1,2.1,7,2.8,10,3.5
South Africa,2005,63.4,1.87,70.7,2,7.3,2.7,10.3,3.4
South Africa,2006,63.6,1.8,71.3,1.89,7.7,2.6,10.8,3.2
South Africa,2007,63.8,1.74,71.8,1.78,8,2.5,11.1,3.1
South Africa,2008,63.9,1.62,72.4,1.57,8.5,2.3,11.7,2.8
South Africa,2009,63.7,1.71,72.2,1.62,8.5,2.4,11.8,2.9
South Africa,2010,63.5,1.73,72.1,1.61,8.6,2.4,11.9,2.9
South Africa,2011,63.3,1.71,71.9,1.55,8.6,2.3,12,2.8
South Africa,2012,63,1.71,71.8,1.48,8.8,2.3,12.3,2.7
South Africa,2013,62.8,1.82,71.4,1.55,8.6,2.4,12,2.9
South Africa,2014,62.6,1.88,71.1,1.53,8.5,2.4,12,2.8
South Africa,2015,62.4,1.89,70.9,1.41,8.5,2.4,12,2.8
South Africa,2016,62.2,1.91,70.7,1.5,8.5,2.4,12,2.8
South Africa,2017,62,1.86,70.6,1.44,8.6,2.4,12.2,2.8
South Africa,2018,61.9,2.12,70.4,1.82,8.5,2.8,12.1,3.3
South Africa,2019,61.7,2.32,70.2,2.11,8.5,3.1,12.1,3.7
South Africa,2020,61.6,2.53,70,2.35,8.4,3.5,12,4.2
South Africa,2021,61.4,2.71,69.8,2.56,8.4,3.7,12,4.5
South Africa,2022,61.2,2.86,69.6,2.74,8.4,4,12.1,4.8
Soviet Union,1980,24.3,1.74,32.6,2.85,,,,
Soviet Union,1981,24.3,1.83,32.6,2.84,,,,
Soviet Union,1982,24.3,1.86,32.6,2.78,,,,
Soviet Union,1983,24.2,1.86,32.6,2.72,,,,
Soviet Union,1984,24.2,1.77,32.6,2.64,,,,
Soviet Union,1985,24.2,1.6,32.6,2.53,,,,
Soviet Union,1986,24.3,1.66,32.6,2.53,,,,
Soviet Union,1987,24.4,1.59,32.6,2.49,,,,
Soviet Union,1988,24.4,1.45,32.7,2.42,,,,
Soviet Union,1989,24.5,1.41,32.7,2.46,,,,
Soviet Union,1990,24.6,1.65,32.7,2.66,,,,
United Kingdom,1961,26.1,0.79,37.9,0.96,,,,
United Kingdom,1962,25.8,0.94,38.3,1.15,,,,
United Kingdom,1963,25.9,1,38.6,1.24,,,,
United Kingdom,1964,25.8,1.03,38.6,1.24,,,,
United Kingdom,1965,25.5,1.01,38.2,1.24,,,,
United Kingdom,1966,25.4,1,37.8,1.19,,,,
United Kingdom,1967,25.2,0.94,36.9,1.1,,,,
United Kingdom,1968,25,0.74,35.7,0.84,,,,
United Kingdom,1969,25.2,0.71,35.6,0.77,,,,
United Kingdom,1970,25.5,0.66,35.8,0.78,,,,
United Kingdom,1971,25.9,0.7,36.3,0.78,,,,
United Kingdom,1972,25.8,0.59,36.4,0.76,,,,
United Kingdom,1973,25.9,0.62,36.8,0.79,,,,
United Kingdom,1974,25.7,0.66,37.2,0.81,,,,
United Kingdom,1975,25.1,0.58,37.4,0.76,12.3,1,32.9,1.3
United Kingdom,1976,24.9,0.62,38.1,0.77,13.2,1,34.6,1.3
United Kingdom,1977,24.7,0.6,38.4,0.78,13.7,1,35.7,1.3
United Kingdom,1978,25.1,0.64,39,0.78,13.9,1,35.6,1.3
United Kingdom,1979,25.4,0.58,39.6,0.78,14.2,1,35.9,1.3
United Kingdom,1980,26.1,0.65,40.8,0.83,14.7,1.1,36,1.4
United Kingdom,1981,26.7,0.7,42.4,0.83,15.7,1.1,37,1.4
United Kingdom,1982,27.1,0.66,44,0.86,16.9,1.1,38.4,1.4
United Kingdom,1983,27.3,0.63,44.9,0.87,17.6,1.1,39.2,1.4
United Kingdom,1984,27.6,0.7,45.6,0.85,18,1.1,39.5,1.4
United Kingdom,1985,28.6,0.71,46.5,0.92,17.9,1.2,38.5,1.5
United Kingdom,1986,29.7,0.8,47.4,0.91,17.7,1.2,37.3,1.5
United Kingdom,1987,30.8,0.85,48,0.88,17.2,1.2,35.8,1.5
United Kingdom,1988,31.5,0.87,48.1,0.91,16.6,1.3,34.5,1.6
United Kingdom,1989,31.8,0.76,48.1,0.87,16.3,1.2,33.9,1.5
United Kingdom,1990,32.5,0.85,48.9,0.92,16.4,1.3,33.5,1.6
United Kingdom,1991,32.7,0.83,49.7,0.93,17,1.2,34.2,1.5
United Kingdom,1992,32.7,0.75,50.9,0.88,18.2,1.2,35.8,1.5
United Kingdom,1993,33.1,0.74,52.2,0.85,19.1,1.1,36.6,1.4
United Kingdom,1994,33.7,0.66,53.6,0.63,19.9,0.9,37.1,1.1
United Kingdom,1995,33.7,0.6,54.1,0.6,20.4,0.8,37.7,1
United Kingdom,1996,33.6,0.65,53.8,0.67,20.2,0.9,37.5,1.1
United Kingdom,1997,33.9,0.66,53.7,0.67,19.8,0.9,36.9,1.1
United Kingdom,1998,34.4,0.69,54,0.72,19.6,1,36.3,1.2
United Kingdom,1999,34.7,0.73,54.2,0.71,19.5,1,36,1.2
United Kingdom,2000,35,0.82,54.5,0.72,19.5,1.1,35.8,1.3
United Kingdom,2001,34.6,0.73,54,0.68,19.4,1,35.9,1.2
United Kingdom,2002,33.7,0.71,53.3,0.66,19.6,1,36.8,1.2
United Kingdom,2003,33.1,0.65,53.2,0.65,20.1,0.9,37.8,1.1
United Kingdom,2004,32.9,0.6,53.3,0.66,20.4,0.9,38.3,1.1
United Kingdom,2005,33.3,0.67,53.4,0.68,20.1,1,37.6,1.2
United Kingdom,2006,33.4,0.69,53.4,0.72,20,1,37.5,1.2
United Kingdom,2007,32.9,0.57,53.1,0.63,20.2,0.8,38,1
United Kingdom,2008,32.9,0.65,53.4,0.62,20.5,0.9,38.4,1.1
United Kingdom,2009,32.6,0.71,54.2,0.67,21.6,1,39.9,1.2
United Kingdom,2010,32,0.55,54.3,0.65,22.3,0.9,41.1,1.1
United Kingdom,2011,31.4,0.57,53.9,0.67,22.5,0.9,41.7,1.1
United Kingdom,2012,31.1,0.66,54,0.71,22.9,1,42.4,1.2
United Kingdom,2013,30.7,0.52,53.6,0.67,22.9,0.8,42.7,1
United Kingdom,2014,31.1,0.64,53.6,0.7,22.5,0.9,42,1.1
United Kingdom,2015,31.3,0.69,53.6,0.68,22.3,1,41.6,1.2
United Kingdom,2016,31.2,0.63,53.2,0.67,22,0.9,41.4,1.1
United Kingdom,2017,31.2,0.64,52.8,0.7,21.6,0.9,40.9,1.1
United Kingdom,2018,31.4,0.66,52.8,0.71,21.4,1,40.5,1.2
United Kingdom,2019,31.1,0.6,52.6,0.77,21.5,1,40.9,1.3
United Kingdom,2020,30.9,0.75,52.9,0.85,22,1.1,41.6,1.4
United Kingdom,2021,31.1,0.69,52.9,0.83,21.8,1.1,41.2,1.4
United Kingdom,2022,32.2,0.64,52.8,0.85,20.6,1.1,39,1.4
United Kingdom,2023,31.9,0.59,52.1,0.87,20.2,1.1,38.8,1.4
United Kingdom,2024,31.6,0.73,51.7,1.04,20.1,1.3,38.9,1.7
United States,1960,32.9,0.54,39.4,0.47,,,,
United States,1961,32.9,0.9,41.2,0.95,,,,
United States,1962,32.9,0.91,42.8,0.94,,,,
United States,1963,33,0.49,44.5,0.42,,,,
United States,1964,33.3,0.47,45.1,0.41,,,,
United States,1965,33.1,0.38,44.6,0.4,,,,
United States,1966,32.8,0.45,43.8,0.41,,,,
United States,1967,32.5,0.33,39.7,0.42,,,,
United States,1968,31.9,0.33,38.9,0.4,,,,
United States,1969,31.7,0.34,39,0.43,,,,
United States,1970,32.4,0.31,40.2,0.46,,,,
United States,1971,32.8,0.36,40.9,0.45,,,,
United States,1972,32.7,0.37,41.4,0.43,,,,
United States,1973,32.3,0.38,41.3,0.44,,,,
United States,1974,31.9,0.33,41.6,0.41,,,,
United States,1975,31.9,0.37,42.7,0.46,10.8,0.6,25.3,0.8
United States,1976,31.8,0.33,42.8,0.48,11,0.6,25.7,0.8
United States,1977,31.6,0.39,42.9,0.48,11.3,0.6,26.3,0.8
United States,1978,31.1,0.38,42.7,0.4,11.6,0.6,27.2,0.7
United States,1979,31.3,0.38,42.9,0.44,11.6,0.6,27,0.7
United States,1980,31.1,0.29,43.4,0.45,12.3,0.5,28.3,0.7
United States,1981,31.7,0.33,43.9,0.4,12.2,0.5,27.8,0.6
United States,1982,32.9,0.3,45,0.4,12.1,0.5,26.9,0.6
United States,1983,33.6,0.33,45.5,0.42,11.9,0.5,26.2,0.7
United States,1984,33.8,0.34,45.2,0.39,11.4,0.5,25.2,0.6
United States,1985,34.1,0.39,45.5,0.47,11.4,0.6,25.1,0.8
United States,1986,34.2,0.36,45.9,0.43,11.7,0.6,25.5,0.7
United States,1987,34,0.37,46.1,0.43,12.1,0.6,26.2,0.7
United States,1988,34.4,0.41,46.3,0.44,11.9,0.6,25.7,0.7
United States,1989,34.7,0.42,46.5,0.45,11.8,0.6,25.4,0.8
United States,1990,34.6,0.4,46.6,0.47,12,0.6,25.8,0.8
United States,1991,34.6,0.35,47,0.47,12.4,0.6,26.4,0.8
United States,1992,35.2,0.4,47.9,0.46,12.7,0.6,26.5,0.8
United States,1993,36.6,0.62,49.5,0.59,12.9,0.9,26.1,1.1
United States,1994,36.8,0.59,49.7,0.58,12.9,0.8,26,1
United States,1995,36.7,0.65,49.5,0.65,12.8,0.9,25.9,1.1
United States,1996,36.8,0.64,49.5,0.62,12.7,0.9,25.7,1.1
United States,1997,37,0.64,49.6,0.61,12.6,0.9,25.4,1.1
United States,1998,36.8,0.61,49.3,0.6,12.5,0.9,25.4,1.1
United States,1999,36.8,0.62,49.3,0.6,12.5,0.9,25.4,1.1
United States,2000,37,0.56,49.3,0.56,12.3,0.8,24.9,1
United States,2001,37.4,0.54,49.7,0.51,12.3,0.7,24.7,0.9
United States,2002,37.4,0.52,49.8,0.51,12.4,0.7,24.9,0.9
United States,2003,37.8,0.51,50.1,0.47,12.3,0.7,24.6,0.8
United States,2004,37.9,0.57,50.2,0.55,12.3,0.8,24.5,1
United States,2005,38.5,0.53,50.4,0.51,11.9,0.7,23.6,0.9
United States,2006,38.8,0.57,50.2,0.57,11.4,0.8,22.7,1
United States,2007,38.4,0.52,49.9,0.53,11.5,0.7,23,0.9
United States,2008,38.2,0.55,50.7,0.54,12.5,0.8,24.7,1
United States,2009,37.8,0.47,51.6,0.48,13.8,0.7,26.7,0.8
United States,2010,37.4,0.41,51.9,0.48,14.5,0.6,27.9,0.8
United States,2011,38.1,0.46,52.6,0.52,14.5,0.7,27.6,0.9
United States,2012,38.3,0.45,52.6,0.53,14.3,0.7,27.2,0.9
United States,2013,38.2,0.48,52.4,0.57,14.2,0.7,27.1,0.9
United States,2014,38.6,0.45,52.5,0.48,13.9,0.7,26.5,0.8
United States,2015,38.4,0.46,52.5,0.46,14.1,0.7,26.9,0.8
United States,2016,38.5,0.44,52.4,0.5,13.9,0.7,26.5,0.9
United States,2017,38.6,0.41,52.4,0.49,13.8,0.6,26.3,0.8
United States,2018,39,0.44,52.4,0.54,13.4,0.7,25.6,0.9
United States,2019,39,0.5,52.5,0.54,13.5,0.7,25.7,0.9
United States,2020,37.8,0.44,53.5,0.53,15.7,0.7,29.3,0.9
United States,2021,37.5,0.46,53.3,0.56,15.8,0.7,29.6,0.9
United States,2022,39,0.5,53,0.53,14,0.7,26.4,0.9
United States,2023,39.2,0.49,52.5,0.56,13.3,0.7,25.3,0.9
United States,2024,39.4,0.52,52.5,0.62,13.1,0.8,25,1
Korea,1965,30,2.34,34.8,3.29,,,,
Korea,1966,30,2.36,34.9,3.24,,,,
Korea,1967,30.1,2.34,35,3.2,,,,
Korea,1968,30.1,2.29,35.1,3.14,,,,
Korea,1969,30.2,2.23,35.1,3.07,,,,
Korea,1970,30.2,2.12,35.2,2.98,,,,
Korea,1971,30.5,2.19,35.4,2.96,,,,
Korea,1972,30.7,2.21,35.6,2.92,,,,
Korea,1973,31,2.18,35.8,2.86,,,,
Korea,1974,31.3,2.15,36,2.82,,,,
Korea,1975,31.6,2.08,36.2,2.73,,,,
Korea,1976,31.9,1.97,36.3,2.63,,,,
Korea,1977,32.1,1.96,36.5,2.56,,,,
Korea,1978,32.4,1.93,36.7,2.48,,,,
Korea,1979,32.6,1.85,36.8,2.36,,,,
Korea,1980,32.8,1.69,37,2.22,,,,
Korea,1981,33.1,1.61,37.1,2.11,,,,
Korea,1982,33.4,1.44,37.3,1.94,,,,
Korea,1983,33.6,1.35,37.4,1.84,,,,
Korea,1984,33.7,1.32,37.3,1.76,,,,
Korea,1985,33.7,1.3,37.2,1.73,3.5,2.2,9.4,2.8
Korea,1986,33.8,1.35,37,1.71,3.2,2.2,8.6,2.8
Korea,1987,33.7,1.34,36.7,1.68,3,2.1,8.2,2.7
Korea,1988,33.4,1.27,36.2,1.57,2.8,2,7.7,2.5
Korea,1989,33.3,1.24,35.7,1.48,2.4,1.9,6.7,2.4
Korea,1990,32.7,1.1,35,1.3,2.3,1.7,6.6,2.1
Korea,1991,32.3,1.06,34.4,1.23,2.1,1.6,6.1,2
Korea,1992,32,1.06,34,1.2,2,1.6,5.9,2
Korea,1993,31.9,1.03,33.9,1.19,2,1.6,5.9,2
Korea,1994,32,1.05,33.9,1.19,1.9,1.6,5.6,2
Korea,1995,32.2,1.05,34.2,1.2,2,1.6,5.8,2
Korea,1996,32.6,1.07,34.6,1.2,2,1.6,5.8,2
Korea,1997,33,1.06,35,1.2,2,1.6,5.7,2
Korea,1998,33.6,1.07,35.6,1.23,2,1.6,5.6,2
Korea,1999,33.7,1.09,35.8,1.25,2.1,1.7,5.9,2.1
Korea,2000,33.3,1.13,35.5,1.26,2.2,1.7,6.2,2.1
Korea,2001,33.2,1.14,35.5,1.26,2.3,1.7,6.5,2.1
Korea,2002,32.9,1.16,35.2,1.25,2.3,1.7,6.5,2.1
Korea,2003,32.4,1.17,34.8,1.24,2.4,1.7,6.9,2.1
Korea,2004,32,1.12,34.6,1.18,2.6,1.6,7.5,2
Korea,2005,31.7,1,34.3,1.04,2.6,1.4,7.6,1.7
Korea,2006,31.2,0.68,33.8,0.7,2.6,1,7.7,1.2
Korea,2007,31.5,0.7,34.5,0.86,3,1.1,8.7,1.4
Korea,2008,31.6,0.65,34.7,0.71,3.1,1,8.9,1.2
Korea,2009,31.8,0.69,35.2,0.86,3.4,1.1,9.7,1.4
Korea,2010,31.7,0.68,35.3,0.7,3.6,1,10.2,1.2
Korea,2011,32.6,0.6,36.8,0.74,4.2,1,11.4,1.2
Korea,2012,31.7,0.7,35.6,0.74,3.9,1,11,1.2
Korea,2013,31.9,0.61,36.4,0.75,4.5,1,12.4,1.2
Korea,2014,31.3,0.64,35.7,0.71,4.4,1,12.3,1.2
Korea,2015,32.2,0.56,37.2,0.7,5,0.9,13.4,1.1
Korea,2016,34.1,0.68,38.9,0.74,4.8,1,12.3,1.2
Korea,2017,34.6,0.63,39.6,0.74,5,1,12.6,1.2
Korea,2018,34.2,0.66,39.7,0.76,5.5,1,13.9,1.3
Korea,2019,33.7,0.81,39.7,0.89,6,1.2,15.1,1.5
Korea,2020,33.2,0.82,39.5,0.88,6.3,1.2,15.9,1.5
Korea,2021,32.7,0.65,38.9,0.82,6.2,1,15.9,1.3
Korea,2022,31.5,0.74,37.3,0.92,5.8,1.2,15.5,1.5
Korea,2023,31.4,1.08,37.1,1.24,5.7,1.6,15.4,2
Korea,2024,31.4,1.35,37,1.52,5.6,2,15.1,2.5
Poland,1983,29.1,1.22,41.1,1.51,,,,
Poland,1984,27.4,1.07,39.6,1.36,,,,
Poland,1985,26,0.71,38.2,1.06,,,,
Poland,1986,26.5,0.58,37.3,0.79,,,,
Poland,1987,25.7,0.67,37.3,0.96,,,,
Poland,1988,25.8,0.7,37.4,0.99,,,,
Poland,1989,25.9,0.66,37.6,0.94,,,,
Poland,1990,25.1,0.6,37.5,0.91,,,,
Poland,1991,25.5,0.63,38.4,0.93,,,,
Poland,1992,26.6,0.73,40,0.87,,,,
Poland,1993,28,0.68,41.9,0.94,13.9,1.2,33.2,1.5
Poland,1994,29.3,0.68,43.9,0.87,14.6,1.1,33.3,1.4
Poland,1995,30.8,0.59,46.4,0.57,15.6,0.8,33.6,1
Poland,1996,29.8,0.66,45.4,0.88,15.6,1.1,34.4,1.4
Poland,1997,29.8,0.69,45.4,0.95,15.6,1.2,34.4,1.5
Poland,1998,29.2,0.74,45.8,0.94,16.6,1.2,36.2,1.5
Poland,1999,29.1,0.54,46.6,0.64,17.5,0.8,37.6,1
Poland,2000,29.8,0.84,47,1,17.2,1.3,36.6,1.6
Poland,2001,30.2,0.89,47.5,1.1,17.3,1.4,36.4,1.8
Poland,2002,30.6,0.84,48.5,1.08,17.9,1.4,36.9,1.8
Poland,2003,31.2,0.83,49.8,1.01,18.6,1.3,37.3,1.6
Poland,2004,31.5,0.51,51.2,0.63,19.7,0.8,38.5,1
Poland,2005,31.3,0.43,51.1,0.56,19.8,0.7,38.7,0.9
Poland,2006,31,0.45,50.2,0.51,19.2,0.7,38.2,0.9
Poland,2007,31.1,0.53,49.2,0.54,18.1,0.8,36.8,1
Poland,2008,31,0.49,48.2,0.5,17.2,0.7,35.7,0.9
Poland,2009,31,0.46,48.1,0.51,17.1,0.7,35.6,0.9
Poland,2010,31.1,0.48,48.4,0.51,17.3,0.7,35.7,0.9
Poland,2011,31.3,0.52,48.6,0.55,17.3,0.8,35.6,1
Poland,2012,31.4,0.51,48.7,0.55,17.3,0.8,35.5,1
Poland,2013,31.4,0.49,48.6,0.56,17.2,0.7,35.4,0.9
Poland,2014,30.9,0.48,48,0.6,17.1,0.8,35.6,1
Poland,2015,30.2,0.51,47.4,0.57,17.2,0.8,36.3,1
Poland,2016,28.9,0.52,47.4,0.55,18.5,0.8,39,1
Poland,2017,28.6,0.56,47.5,0.54,18.9,0.8,39.8,1
Poland,2018,28.7,0.53,47.7,0.6,19,0.8,39.8,1
Poland,2019,28.7,0.5,47.7,0.61,19,0.8,39.8,1
Poland,2020,29,0.6,47.6,0.59,18.6,0.8,39.1,1
Poland,2021,29.4,0.76,47.2,0.82,17.8,1.1,37.7,1.4
Poland,2022,29.4,0.83,46.8,0.86,17.4,1.2,37.2,1.5
Poland,2023,29.2,0.88,46.4,0.94,17.2,1.3,37.1,1.6