Country,,Year,value
Soviet Union / Russia,,1960,
Soviet Union / Russia,,1961,
Soviet Union / Russia,,1962,
Soviet Union / Russia,,1963,
Soviet Union / Russia,,1964,
Soviet Union / Russia,,1965,
Soviet Union / Russia,,1966,
Soviet Union / Russia,,1967,
Soviet Union / Russia,,1968,
Soviet Union / Russia,,1969,
Soviet Union / Russia,,1970,
Soviet Union / Russia,,1971,
Soviet Union / Russia,,1972,
Soviet Union / Russia,,1973,
Soviet Union / Russia,,1974,
Soviet Union / Russia,,1975,
Soviet Union / Russia,,1976,
Soviet Union / Russia,,1977,
Soviet Union / Russia,,1978,
Soviet Union / Russia,,1979,
Soviet Union / Russia,,1980,
Soviet Union / Russia,,1981,
Soviet Union / Russia,,1982,
Soviet Union / Russia,,1983,
Soviet Union / Russia,,1984,
Soviet Union / Russia,,1985,
Soviet Union / Russia,,1986,
Soviet Union / Russia,,1987,
Soviet Union / Russia,,1988,
Soviet Union / Russia,,1989,
Soviet Union / Russia,,1990,
Soviet Union / Russia,,1991,
Soviet Union / Russia,,1992,
Soviet Union / Russia,,1993,
Soviet Union / Russia,,1994,
Soviet Union / Russia,,1995,
Soviet Union / Russia,,1996,
Soviet Union / Russia,,1997,
Soviet Union / Russia,"pct of gdp, https://www.imf.org/external/datamapper/exp@FPP/EGY/ZAF",1998,39.68279272
Soviet Union / Russia,"pct of gdp, https://www.imf.org/external/datamapper/exp@FPP/EGY/ZAF",1999,34.28674332
Soviet Union / Russia,"pct of gdp, https://www.imf.org/external/datamapper/exp@FPP/EGY/ZAF",2000,30.65071508
Soviet Union / Russia,"pct of gdp, https://www.imf.org/external/datamapper/exp@FPP/EGY/ZAF",2001,31.4642669
Soviet Union / Russia,"pct of gdp, https://www.imf.org/external/datamapper/exp@FPP/EGY/ZAF",2002,33.81792973
Soviet Union / Russia,"pct of gdp, https://www.imf.org/external/datamapper/exp@FPP/EGY/ZAF",2003,32.59868899
Soviet Union / Russia,"pct of gdp, https://www.imf.org/external/datamapper/exp@FPP/EGY/ZAF",2004,29.62839577
Soviet Union / Russia,"pct of gdp, https://www.imf.org/external/datamapper/exp@FPP/EGY/ZAF",2005,29.45786662
Soviet Union / Russia,"pct of gdp, https://www.imf.org/external/datamapper/exp@FPP/EGY/ZAF",2006,29.03975394
Soviet Union / Russia,"pct of gdp, https://www.imf.org/external/datamapper/exp@FPP/EGY/ZAF",2007,31.94151808
Soviet Union / Russia,"pct of gdp, https://www.imf.org/external/datamapper/exp@FPP/EGY/ZAF",2008,32.01041164
Soviet Union / Russia,"pct of gdp, https://www.imf.org/external/datamapper/exp@FPP/EGY/ZAF",2009,38.59613927
Soviet Union / Russia,"pct of gdp, https://www.imf.org/external/datamapper/exp@FPP/EGY/ZAF",2010,35.50483068
Soviet Union / Russia,"pct of gdp, https://www.imf.org/external/datamapper/exp@FPP/EGY/ZAF",2011,33.26121109
Soviet Union / Russia,"pct of gdp, https://www.imf.org/external/datamapper/exp@FPP/EGY/ZAF",2012,34.02869847
Soviet Union / Russia,"pct of gdp, https://www.imf.org/external/datamapper/exp@FPP/EGY/ZAF",2013,34.65186891
Soviet Union / Russia,"pct of gdp, https://www.imf.org/external/datamapper/exp@FPP/EGY/ZAF",2014,34.93819092
Soviet Union / Russia,"pct of gdp, https://www.imf.org/external/datamapper/exp@FPP/EGY/ZAF",2015,35.27345255
Soviet Union / Russia,"pct of gdp, https://www.imf.org/external/datamapper/exp@FPP/EGY/ZAF",2016,36.58620803
Soviet Union / Russia,"pct of gdp, https://www.imf.org/external/datamapper/exp@FPP/EGY/ZAF",2017,34.83017149
Soviet Union / Russia,"pct of gdp, https://www.imf.org/external/datamapper/exp@FPP/EGY/ZAF",2018,32.62097727
Soviet Union / Russia,"pct of gdp, https://www.imf.org/external/datamapper/exp@FPP/EGY/ZAF",2019,33.75226203
Soviet Union / Russia,"pct of gdp, https://www.imf.org/external/datamapper/exp@FPP/EGY/ZAF",2020,39.15256574
Soviet Union / Russia,"pct of gdp, https://www.imf.org/external/datamapper/exp@FPP/EGY/ZAF",2021,34.93913435
Soviet Union / Russia,"pct of gdp, https://www.imf.org/external/datamapper/exp@FPP/EGY/ZAF",2022,35.16087751
Soviet Union / Russia,"pct of gdp, https://www.imf.org/external/datamapper/exp@FPP/EGY/ZAF",2023,35.70226551
Soviet Union / Russia,"pct of gdp, https://www.imf.org/external/datamapper/exp@FPP/EGY/ZAF",2024,36.87077641
Soviet Union / Russia,"pct of gdp, https://www.imf.org/external/datamapper/exp@FPP/EGY/ZAF",2025,
Egypt,,1960,
Egypt,,1961,
Egypt,,1962,
Egypt,,1963,
Egypt,,1964,
Egypt,,1965,
Egypt,,1966,
Egypt,,1967,
Egypt,,1968,
Egypt,,1969,
Egypt,,1970,
Egypt,,1971,
Egypt,,1972,
Egypt,,1973,
Egypt,,1974,
Egypt,,1975,
Egypt,,1976,
Egypt,,1977,
Egypt,,1978,
Egypt,,1979,
Egypt,,1980,
Egypt,,1981,
Egypt,,1982,
Egypt,,1983,
Egypt,,1984,
Egypt,,1985,
Egypt,,1986,
Egypt,,1987,
Egypt,,1988,
Egypt,,1989,
Egypt,,1990,
Egypt,,1991,
Egypt,,1992,
Egypt,,1993,
Egypt,,1994,
Egypt,,1995,
Egypt,,1996,
Egypt,,1997,
Egypt,,1998,
Egypt,,1999,
Egypt,,2000,
Egypt,,2001,
Egypt,,2002,
Egypt,,2003,
Egypt,,2004,
Egypt,,2005,
Egypt,,2006,
Egypt,,2007,
Egypt,,2008,
Egypt,,2009,
Egypt,,2010,
Egypt,"raw expenditure in usd, https://sem.unescwa.org/dashboard/overview?country=egy",2011,52.3492bn
Egypt,raw expenditure,2012,64.8210bn
Egypt,raw expenditure,2013,72.3215bn
Egypt,raw expenditure,2014,77.0533bn
Egypt,raw expenditure,2015,73.5664bn
Egypt,raw expenditure,2016,60.3301bn
Egypt,raw expenditure,2017,37.5348bn
Egypt,raw expenditure,2018,45.2745bn
Egypt,raw expenditure,2019,46.3670bn
Egypt,raw expenditure,2020,45.4155bn
Egypt,raw expenditure,2021,51.5683bn
Egypt,raw expenditure,2022,45.4934bn
Egypt,raw expenditure,2023,30.2053bn
Egypt,raw expenditure,2024,
Egypt,,2025,
South Africa,"pct of gdp all the way down, https://www.imf.org/external/datamapper/exp@FPP/EGY/ZAF",1960,16.65259933
South Africa,,1961,15.71590042
South Africa,,1962,15.94569969
South Africa,,1963,15.90639973
South Africa,,1964,11.26720047
South Africa,,1965,18.21750069
South Africa,,1966,18.25250053
South Africa,,1967,18.79759979
South Africa,,1968,19.44050026
South Africa,,1969,18.81259918
South Africa,,1970,20.04990005
South Africa,,1971,19.90200043
South Africa,,1972,22.9218998
South Africa,,1973,21.04210091
South Africa,,1974,19.05780029
South Africa,,1975,21.24880028
South Africa,,1976,23.0345993
South Africa,,1977,27.32699966
South Africa,,1978,26.81399918
South Africa,,1979,26.47579956
South Africa,,1980,21.83959961
South Africa,,1981,23.2609005
South Africa,,1982,23.76849937
South Africa,,1983,25.11919975
South Africa,,1984,25.22970009
South Africa,,1985,26.80290031
South Africa,,1986,27.77869987
South Africa,,1987,27.9993
South Africa,,1988,23.85350037
South Africa,,1989,29.60149956
South Africa,,1990,28.70219994
South Africa,,1991,27.80290031
South Africa,,1992,29.82069969
South Africa,,1993,29.09889984
South Africa,,1994,31.31999969
South Africa,,1995,27.18479919
South Africa,,1996,28.48110008
South Africa,,1997,27.85350037
South Africa,,1998,27.07349968
South Africa,,1999,26.66889954
South Africa,,2000,22.64644389
South Africa,,2001,22.62016839
South Africa,,2002,22.21331159
South Africa,,2003,22.61884787
South Africa,,2004,22.70767818
South Africa,,2005,25.14036745
South Africa,,2006,24.66660211
South Africa,,2007,24.42855584
South Africa,,2008,26.00853164
South Africa,,2009,28.45742681
South Africa,,2010,28.34047002
South Africa,,2011,28.07952093
South Africa,,2012,28.61868326
South Africa,,2013,28.91008359
South Africa,,2014,29.32105965
South Africa,,2015,30.16409018
South Africa,,2016,29.90856691
South Africa,,2017,29.8599594
South Africa,,2018,30.1522855
South Africa,,2019,31.39381142
South Africa,,2020,34.61574375
South Africa,,2021,32.65389612
South Africa,,2022,31.88896264
South Africa,,2023,32.45650489
South Africa,,2024,32.98034516
South Africa,,2025,
South Korea,,1960,
South Korea,,1961,
South Korea,,1962,
South Korea,,1963,
South Korea,,1964,
South Korea,,1965,
South Korea,,1966,
South Korea,,1967,
South Korea,,1968,
South Korea,,1969,
South Korea,,1970,
South Korea,,1971,
South Korea,,1972,
South Korea,,1973,
South Korea,,1974,
South Korea,,1975,
South Korea,,1976,
South Korea,,1977,
South Korea,,1978,
South Korea,,1979,
South Korea,,1980,
South Korea,,1981,
South Korea,,1982,
South Korea,,1983,
South Korea,,1984,
South Korea,,1985,
South Korea,,1986,
South Korea,,1987,
South Korea,,1988,
South Korea,,1989,
South Korea,,1990,2.8
South Korea,,1991,
South Korea,,1992,
South Korea,,1993,
South Korea,,1994,
South Korea,,1995,
South Korea,,1996,
South Korea,,1997,
South Korea,,1998,
South Korea,,1999,
South Korea,,2000,4.8
South Korea,,2001,
South Korea,,2002,
South Korea,,2003,
South Korea,pct of total govt spending,2004,
South Korea,file:///Users/mycomputer/Downloads/Social-Security-System-of-South-Korea%20(1).pdf,2005,
South Korea,,2006,
South Korea,,2007,
South Korea,,2008,
South Korea,,2009,9.6
South Korea,,2010,
South Korea,,2011,
South Korea,,2012,
South Korea,,2013,10.2
South Korea,,2014,
South Korea,,2015,
South Korea,,2016,
South Korea,,2017,
South Korea,,2018,
South Korea,,2019,
South Korea,,2020,
South Korea,,2021,
South Korea,,2022,
South Korea,,2023,
South Korea,,2024,
South Korea,,2025,
Poland,,1960,
Poland,,1961,
Poland,,1962,
Poland,,1963,
Poland,,1964,
Poland,,1965,
Poland,,1966,
Poland,,1967,
Poland,,1968,
Poland,,1969,
Poland,,1970,
Poland,,1971,
Poland,,1972,
Poland,,1973,
Poland,,1974,
Poland,,1975,
Poland,,1976,
Poland,,1977,
Poland,,1978,
Poland,,1979,
Poland,,1980,
Poland,,1981,
Poland,,1982,
Poland,,1983,
Poland,,1984,
Poland,,1985,
Poland,,1986,
Poland,,1987,
Poland,,1988,
Poland,https://www.elibrary.imf.org/display/book/9781557756282/C01.xml,1989,"Strong fiscal adjustment efforts supported by a tight monetary policy was the key feature of the Polish authorities’ stabilization program. The strength of the fiscal adjustment soon became evident in the turnaround in the government’s fiscal position. The deficit disappeared, falling from 7.4 percent of GDP in 1989 to zero, and a surplus of 3.1 percent emerged in 1990. Most of this massive adjustment came from the large cuts in expenditures—over 7 percentage points of GDP—achieved through sharp cutbacks in subsidies on food and energy and restraint in raising government wages. Although this fiscal adjustment was reversed in 1991, in part because of the contraction in output attendant on the collapse of CMEA trade and in part because of large wage increases, the authorities managed to regain the momentum of the fiscal adjustment in 1992-93, stabilizing the general government deficit at about 3 percent of GDP.
"
Poland,,1990,
Poland,,1991,
Poland,,1992,
Poland,,1993,
Poland,,1994,
Poland,,1995,
Poland,,1996,
Poland,,1997,
Poland,,1998,
Poland,,1999,
Poland,,2000,
Poland,,2001,
Poland,,2002,
Poland,,2003,
Poland,,2004,
Poland,,2005,
Poland,,2006,
Poland,,2007,
Poland,,2008,
Poland,,2009,
Poland,,2010,
Poland,,2011,
Poland,,2012,
Poland,,2013,
Poland,,2014,
Poland,,2015,
Poland,,2016,
Poland,,2017,
Poland,,2018,
Poland,,2019,
Poland,,2020,
Poland,,2021,
Poland,,2022,
Poland,,2023,
Poland,,2024,
Poland,,2025,